Workbook

Sheet Locations
A1: Station Name | B1: OBS | D1: Date/Time (UTC) | J1: Planned Location | M1: Actual Launch Location | Q1: Surveyed Location (Seafloor) | X1: First Surfacing Location | AB1: Recovery Location | AF1: Planned vs. Seafloor | AH1: Days Recording | AI1: Days at Seafloor | AJ1: Clock Drift | AL1: Actual Sample Rate (250Hz) | AM1: Tilt Estimate | AO1: Elapsed Time (min) | AT1: Movement Rate (m/min)
B2: Name | C2: Serial | D2: Launch | E2: On Seafloor | F2: Survey Start | G2: Released | H2: Surfaced | I2: Recovered | J2: Latitude | K2: Longitude | L2: Depth (m) | M2: Latitude | N2: Longitude | O2: Depth (m) | P2: Distance from Planned (km) | Q2: Latitude | R2: Longitude | S2: Depth (m) | T2: Std Error (m) | U2: Horizontal Drift (m) | V2: Drift (% Depth) | W2: Bearing from Drop | X2: Latitude | Y2: Longitude | Z2: Horizontal Drift (m) | AA2: Bearing from Survey | AB2: Latitude | AC2: Longitude | AD2: Distance from Surfacing (km) | AF2: Distance (m) | AG2: Bearing | AJ2: ms/day | AK2: ppm | AM2: Deploy | AN2: Recover | AO2: Sink | AP2: Rise | AQ2: Burn | AR2: Floating | AS2: On Station (Recovery) | AT2: Sink | AU2: Rise
A3: Station | B3: OBS Name | C3: OBS ID | D3: Launch Date/Time (UTC) | E3: Date/Time on Seafloor (UTC) | F3: Survey Start Date/Time (UTC) | G3: Date/Time Released (UTC) | H3: Surfaced Date/Time (UTC) | I3: Recovery Date/Time (UTC) | J3: Planned Latitude | K3: Planned Longitude | L3: Planned Depth (m) | M3: Launch Latitude | N3: Launch Longitude | O3: Water Depth at Launch (m) | P3: Distance Launch from Planned (km) | Q3: Surveyed Latitude | R3: Surveyed Longitude | S3: Surveyed Depth (m) | T3: Survey Std Error (m) | U3: Horizontal Drift during Fall (m) | V3: Horizontal Fall Drift (% Depth) | W3: Bearing Surveyed from Launch | X3: Surfacing Latitude | Y3: Surfacing Longitude | Z3: Horizontal Drift during Rise (m) | AA3: Bearing Surfacing from Surveyed | AB3: Recovery Latitude | AC3: Recovery Longitude | AD3: Drift on Surface (km)
A4: ='Deployment Log'!A4 -> 0 | B4: ='Deployment Log'!S4 -> 0 | C4: ='Deployment Log'!T4 -> 0 | D4: =IF('Deployment Log'!N4>DATE(2021,8,1),'Deployment Log'!N4,"n/a") -> n/a | E4: =IF('Deployment Log'!O4>DATE(2021,8,1),'Deployment Log'!O4,"n/a") -> n/a | F4: =IF('Deployment Log'!P4>DATE(2021,8,1),'Deployment Log'!P4,"n/a") -> n/a | G4: =IF('Recovery Log'!L4>DATE(2021,8,1),'Recovery Log'!L4,"n/a") -> n/a | H4: =IF('Recovery Log'!M4>DATE(2021,8,1),'Recovery Log'!M4,"n/a") -> n/a | I4: =IF(MIN('Recovery Log'!N4:O4)>DATE(2021,8,1),MIN('Recovery Log'!N4:O4),"n/a") -> n/a | J4: ='Deployment Log'!B4 -> 0 | K4: ='Deployment Log'!C4 -> 0 | L4: ='Deployment Log'!D4 -> 0 | M4: ='Deployment Log'!I4 -> 0 | N4: ='Deployment Log'!J4 -> 0 | O4: ='Deployment Log'!K4 -> 0 | P4: ='Deployment Log'!L4 | U4: =IF(ISBLANK(Q4),"",2*6370*ASIN(SQRT(SIN(RADIANS(Q4-M4)/2)*SIN(RADIANS(Q4-M4)/2) + COS(RADIANS(Q4))*COS(RADIANS(M4))*SIN(RADIANS(R4-N4)/2)*SIN(RADIANS(R4-N4)/2)))*1000) | V4: =ABS(U4/S4) -> #VALUE! | W4: =IF(ISBLANK(Q4),"",MOD(DEGREES(ATAN2(COS(RADIANS(M4))*SIN(RADIANS(Q4)) - SIN(RADIANS(M4))*COS(RADIANS(Q4))*COS(RADIANS(R4-N4)),COS(RADIANS(Q4))*SIN(RADIANS(R4-N4)))) + 360, 360)) | X4: =IF('Recovery Log'!V4="","",'Recovery Log'!V4) | Y4: =IF('Recovery Log'!W4="","",'Recovery Log'!W4) | Z4: ='Recovery Log'!X4 | AA4: =IF(ISBLANK(Q4),"",MOD(DEGREES(ATAN2(COS(RADIANS(Q4))*SIN(RADIANS(X4)) - SIN(RADIANS(Q4))*COS(RADIANS(X4))*COS(RADIANS(Y4-R4)),COS(RADIANS(X4))*SIN(RADIANS(Y4-R4)))) + 360, 360)) | AB4: =IF('Recovery Log'!Y4="","",'Recovery Log'!Y4) | AC4: =IF('Recovery Log'!Z4="","",'Recovery Log'!Z4) | AD4: ='Recovery Log'!AA4 | AF4: =IF(ISBLANK(Q4),"",2*6370*ASIN(SQRT(SIN(RADIANS(Q4-J4)/2)*SIN(RADIANS(Q4-J4)/2) + COS(RADIANS(Q4))*COS(RADIANS(J4))*SIN(RADIANS(R4-K4)/2)*SIN(RADIANS(R4-K4)/2)))*1000) | AG4: =IF(ISBLANK(Q4),"",MOD(DEGREES(ATAN2(COS(RADIANS(J4))*SIN(RADIANS(Q4)) - SIN(RADIANS(J4))*COS(RADIANS(Q4))*COS(RADIANS(R4-K4)),COS(RADIANS(Q4))*SIN(RADIANS(R4-K4)))) + 360, 360)) | AH4: =IF('Recovery Log'!O4>'Deployment Log'!M4,'Recovery Log'!O4-'Deployment Log'!M4,"n/a") -> n/a | AI4: =IF(AND(ISNUMBER(G4),ISNUMBER(E4)),G4-E4,"n/a") -> n/a | AJ4: =IF(ISNUMBER(AH4),'Recovery Log'!AC4/AH4,"n/a") -> n/a | AK4: =IF(ISNUMBER(AJ4),1000000*AJ4/(24*60*60*1000),"n/a") -> n/a | AL4: =IF(ISNUMBER(AJ4),250+AJ4/24/60/60/250,"n/a") -> n/a | AM4: =IF(ISBLANK('Deployment Log'!AF4),"n/a",DEGREES(ATAN2('Deployment Log'!AF4,SQRT('Deployment Log'!AG4^2 + 'Deployment Log'!AH4^2)))) -> n/a | AN4: =IF(ISBLANK('Recovery Log'!P4),"n/a",DEGREES(ATAN2('Recovery Log'!P4,SQRT('Recovery Log'!Q4^2 + 'Recovery Log'!R4^2)))) -> n/a | AO4: =IF(AND(ISNUMBER(D4),ISNUMBER(E4)),(E4-D4)*24*60,"n/a") -> n/a | AP4: =IF(AND(ISNUMBER(G4),ISNUMBER(H4)),(H4-G4)*24*60,"n/a") -> n/a | AQ4: =IF(AND(ISNUMBER(G4),ISNUMBER('Recovery Log'!K4)),(G4-'Recovery Log'!K4)*24*60,"n/a") -> n/a | AR4: =IF(AND(ISNUMBER(H4),ISNUMBER(I4)),(I4-H4)*24*60,"n/a") -> n/a | AS4: =IF(AND(ISNUMBER('Recovery Log'!I4),ISNUMBER('Recovery Log'!N4)),('Recovery Log'!N4-'Recovery Log'!I4)*24*60,"n/a") -> n/a | AT4: =IF(ISNUMBER(AO4),O4/AO4,"n/a") -> n/a | AU4: =IF(ISNUMBER(AP4),O4/AP4,"n/a") -> n/a
A5: ='Deployment Log'!A5 -> 0 | B5: ='Deployment Log'!S5 -> 0 | C5: ='Deployment Log'!T5 -> 0 | D5: =IF('Deployment Log'!N5>DATE(2021,8,1),'Deployment Log'!N5,"n/a") -> n/a | E5: =IF('Deployment Log'!O5>DATE(2021,8,1),'Deployment Log'!O5,"n/a") -> n/a | F5: =IF('Deployment Log'!P5>DATE(2021,8,1),'Deployment Log'!P5,"n/a") -> n/a | G5: =IF('Recovery Log'!L5>DATE(2021,8,1),'Recovery Log'!L5,"n/a") -> n/a | H5: =IF('Recovery Log'!M5>DATE(2021,8,1),'Recovery Log'!M5,"n/a") -> n/a | I5: =IF(MIN('Recovery Log'!N5:O5)>DATE(2021,8,1),MIN('Recovery Log'!N5:O5),"n/a") -> n/a | J5: ='Deployment Log'!B5 -> 0 | K5: ='Deployment Log'!C5 -> 0 | L5: ='Deployment Log'!D5 -> 0 | M5: ='Deployment Log'!I5 -> 0 | N5: ='Deployment Log'!J5 -> 0 | O5: ='Deployment Log'!K5 -> 0 | P5: ='Deployment Log'!L5 | U5: =IF(ISBLANK(Q5),"",2*6370*ASIN(SQRT(SIN(RADIANS(Q5-M5)/2)*SIN(RADIANS(Q5-M5)/2) + COS(RADIANS(Q5))*COS(RADIANS(M5))*SIN(RADIANS(R5-N5)/2)*SIN(RADIANS(R5-N5)/2)))*1000) | V5: =ABS(U5/S5) -> #VALUE! | W5: =IF(ISBLANK(Q5),"",MOD(DEGREES(ATAN2(COS(RADIANS(M5))*SIN(RADIANS(Q5)) - SIN(RADIANS(M5))*COS(RADIANS(Q5))*COS(RADIANS(R5-N5)),COS(RADIANS(Q5))*SIN(RADIANS(R5-N5)))) + 360, 360)) | X5: =IF('Recovery Log'!V5="","",'Recovery Log'!V5) | Y5: =IF('Recovery Log'!W5="","",'Recovery Log'!W5) | Z5: ='Recovery Log'!X5 | AA5: =IF(ISBLANK(Q5),"",MOD(DEGREES(ATAN2(COS(RADIANS(Q5))*SIN(RADIANS(X5)) - SIN(RADIANS(Q5))*COS(RADIANS(X5))*COS(RADIANS(Y5-R5)),COS(RADIANS(X5))*SIN(RADIANS(Y5-R5)))) + 360, 360)) | AB5: =IF('Recovery Log'!Y5="","",'Recovery Log'!Y5) | AC5: =IF('Recovery Log'!Z5="","",'Recovery Log'!Z5) | AD5: ='Recovery Log'!AA5 | AF5: =IF(ISBLANK(Q5),"",2*6370*ASIN(SQRT(SIN(RADIANS(Q5-J5)/2)*SIN(RADIANS(Q5-J5)/2) + COS(RADIANS(Q5))*COS(RADIANS(J5))*SIN(RADIANS(R5-K5)/2)*SIN(RADIANS(R5-K5)/2)))*1000) | AG5: =IF(ISBLANK(Q5),"",MOD(DEGREES(ATAN2(COS(RADIANS(J5))*SIN(RADIANS(Q5)) - SIN(RADIANS(J5))*COS(RADIANS(Q5))*COS(RADIANS(R5-K5)),COS(RADIANS(Q5))*SIN(RADIANS(R5-K5)))) + 360, 360)) | AH5: =IF('Recovery Log'!O5>'Deployment Log'!M5,'Recovery Log'!O5-'Deployment Log'!M5,"n/a") -> n/a | AI5: =IF(AND(ISNUMBER(G5),ISNUMBER(E5)),G5-E5,"n/a") -> n/a | AJ5: =IF(ISNUMBER(AH5),'Recovery Log'!AC5/AH5,"n/a") -> n/a | AK5: =IF(ISNUMBER(AJ5),1000000*AJ5/(24*60*60*1000),"n/a") -> n/a | AL5: =IF(ISNUMBER(AJ5),250+AJ5/24/60/60/250,"n/a") -> n/a | AM5: =IF(ISBLANK('Deployment Log'!AF5),"n/a",DEGREES(ATAN2('Deployment Log'!AF5,SQRT('Deployment Log'!AG5^2 + 'Deployment Log'!AH5^2)))) -> n/a | AN5: =IF(ISBLANK('Recovery Log'!P5),"n/a",DEGREES(ATAN2('Recovery Log'!P5,SQRT('Recovery Log'!Q5^2 + 'Recovery Log'!R5^2)))) -> n/a | AO5: =IF(AND(ISNUMBER(D5),ISNUMBER(E5)),(E5-D5)*24*60,"n/a") -> n/a | AP5: =IF(AND(ISNUMBER(G5),ISNUMBER(H5)),(H5-G5)*24*60,"n/a") -> n/a | AQ5: =IF(AND(ISNUMBER(G5),ISNUMBER('Recovery Log'!K5)),(G5-'Recovery Log'!K5)*24*60,"n/a") -> n/a | AR5: =IF(AND(ISNUMBER(H5),ISNUMBER(I5)),(I5-H5)*24*60,"n/a") -> n/a | AS5: =IF(AND(ISNUMBER('Recovery Log'!I5),ISNUMBER('Recovery Log'!N5)),('Recovery Log'!N5-'Recovery Log'!I5)*24*60,"n/a") -> n/a | AT5: =IF(ISNUMBER(AO5),O5/AO5,"n/a") -> n/a | AU5: =IF(ISNUMBER(AP5),O5/AP5,"n/a") -> n/a
A6: ='Deployment Log'!A6 -> 0 | B6: ='Deployment Log'!S6 -> 0 | C6: ='Deployment Log'!T6 -> 0 | D6: =IF('Deployment Log'!N6>DATE(2021,8,1),'Deployment Log'!N6,"n/a") -> n/a | E6: =IF('Deployment Log'!O6>DATE(2021,8,1),'Deployment Log'!O6,"n/a") -> n/a | F6: =IF('Deployment Log'!P6>DATE(2021,8,1),'Deployment Log'!P6,"n/a") -> n/a | G6: =IF('Recovery Log'!L6>DATE(2021,8,1),'Recovery Log'!L6,"n/a") -> n/a | H6: =IF('Recovery Log'!M6>DATE(2021,8,1),'Recovery Log'!M6,"n/a") -> n/a | I6: =IF(MIN('Recovery Log'!N6:O6)>DATE(2021,8,1),MIN('Recovery Log'!N6:O6),"n/a") -> n/a | J6: ='Deployment Log'!B6 -> 0 | K6: ='Deployment Log'!C6 -> 0 | L6: ='Deployment Log'!D6 -> 0 | M6: ='Deployment Log'!I6 -> 0 | N6: ='Deployment Log'!J6 -> 0 | O6: ='Deployment Log'!K6 -> 0 | P6: ='Deployment Log'!L6 | U6: =IF(ISBLANK(Q6),"",2*6370*ASIN(SQRT(SIN(RADIANS(Q6-M6)/2)*SIN(RADIANS(Q6-M6)/2) + COS(RADIANS(Q6))*COS(RADIANS(M6))*SIN(RADIANS(R6-N6)/2)*SIN(RADIANS(R6-N6)/2)))*1000) | V6: =ABS(U6/S6) -> #VALUE! | W6: =IF(ISBLANK(Q6),"",MOD(DEGREES(ATAN2(COS(RADIANS(M6))*SIN(RADIANS(Q6)) - SIN(RADIANS(M6))*COS(RADIANS(Q6))*COS(RADIANS(R6-N6)),COS(RADIANS(Q6))*SIN(RADIANS(R6-N6)))) + 360, 360)) | X6: =IF('Recovery Log'!V6="","",'Recovery Log'!V6) | Y6: =IF('Recovery Log'!W6="","",'Recovery Log'!W6) | Z6: ='Recovery Log'!X6 | AA6: =IF(ISBLANK(Q6),"",MOD(DEGREES(ATAN2(COS(RADIANS(Q6))*SIN(RADIANS(X6)) - SIN(RADIANS(Q6))*COS(RADIANS(X6))*COS(RADIANS(Y6-R6)),COS(RADIANS(X6))*SIN(RADIANS(Y6-R6)))) + 360, 360)) | AB6: =IF('Recovery Log'!Y6="","",'Recovery Log'!Y6) | AC6: =IF('Recovery Log'!Z6="","",'Recovery Log'!Z6) | AD6: ='Recovery Log'!AA6 | AF6: =IF(ISBLANK(Q6),"",2*6370*ASIN(SQRT(SIN(RADIANS(Q6-J6)/2)*SIN(RADIANS(Q6-J6)/2) + COS(RADIANS(Q6))*COS(RADIANS(J6))*SIN(RADIANS(R6-K6)/2)*SIN(RADIANS(R6-K6)/2)))*1000) | AG6: =IF(ISBLANK(Q6),"",MOD(DEGREES(ATAN2(COS(RADIANS(J6))*SIN(RADIANS(Q6)) - SIN(RADIANS(J6))*COS(RADIANS(Q6))*COS(RADIANS(R6-K6)),COS(RADIANS(Q6))*SIN(RADIANS(R6-K6)))) + 360, 360)) | AH6: =IF('Recovery Log'!O6>'Deployment Log'!M6,'Recovery Log'!O6-'Deployment Log'!M6,"n/a") -> n/a | AI6: =IF(AND(ISNUMBER(G6),ISNUMBER(E6)),G6-E6,"n/a") -> n/a | AJ6: =IF(ISNUMBER(AH6),'Recovery Log'!AC6/AH6,"n/a") -> n/a | AK6: =IF(ISNUMBER(AJ6),1000000*AJ6/(24*60*60*1000),"n/a") -> n/a | AL6: =IF(ISNUMBER(AJ6),250+AJ6/24/60/60/250,"n/a") -> n/a | AM6: =IF(ISBLANK('Deployment Log'!AF6),"n/a",DEGREES(ATAN2('Deployment Log'!AF6,SQRT('Deployment Log'!AG6^2 + 'Deployment Log'!AH6^2)))) -> n/a | AN6: =IF(ISBLANK('Recovery Log'!P6),"n/a",DEGREES(ATAN2('Recovery Log'!P6,SQRT('Recovery Log'!Q6^2 + 'Recovery Log'!R6^2)))) -> n/a | AO6: =IF(AND(ISNUMBER(D6),ISNUMBER(E6)),(E6-D6)*24*60,"n/a") -> n/a | AP6: =IF(AND(ISNUMBER(G6),ISNUMBER(H6)),(H6-G6)*24*60,"n/a") -> n/a | AQ6: =IF(AND(ISNUMBER(G6),ISNUMBER('Recovery Log'!K6)),(G6-'Recovery Log'!K6)*24*60,"n/a") -> n/a | AR6: =IF(AND(ISNUMBER(H6),ISNUMBER(I6)),(I6-H6)*24*60,"n/a") -> n/a | AS6: =IF(AND(ISNUMBER('Recovery Log'!I6),ISNUMBER('Recovery Log'!N6)),('Recovery Log'!N6-'Recovery Log'!I6)*24*60,"n/a") -> n/a | AT6: =IF(ISNUMBER(AO6),O6/AO6,"n/a") -> n/a | AU6: =IF(ISNUMBER(AP6),O6/AP6,"n/a") -> n/a
A7: ='Deployment Log'!A7 -> 0 | B7: ='Deployment Log'!S7 -> 0 | C7: ='Deployment Log'!T7 -> 0 | D7: =IF('Deployment Log'!N7>DATE(2021,8,1),'Deployment Log'!N7,"n/a") -> n/a | E7: =IF('Deployment Log'!O7>DATE(2021,8,1),'Deployment Log'!O7,"n/a") -> n/a | F7: =IF('Deployment Log'!P7>DATE(2021,8,1),'Deployment Log'!P7,"n/a") -> n/a | G7: =IF('Recovery Log'!L7>DATE(2021,8,1),'Recovery Log'!L7,"n/a") -> n/a | H7: =IF('Recovery Log'!M7>DATE(2021,8,1),'Recovery Log'!M7,"n/a") -> n/a | I7: =IF(MIN('Recovery Log'!N7:O7)>DATE(2021,8,1),MIN('Recovery Log'!N7:O7),"n/a") -> n/a | J7: ='Deployment Log'!B7 -> 0 | K7: ='Deployment Log'!C7 -> 0 | L7: ='Deployment Log'!D7 -> 0 | M7: ='Deployment Log'!I7 -> 0 | N7: ='Deployment Log'!J7 -> 0 | O7: ='Deployment Log'!K7 -> 0 | P7: ='Deployment Log'!L7 | U7: =IF(ISBLANK(Q7),"",2*6370*ASIN(SQRT(SIN(RADIANS(Q7-M7)/2)*SIN(RADIANS(Q7-M7)/2) + COS(RADIANS(Q7))*COS(RADIANS(M7))*SIN(RADIANS(R7-N7)/2)*SIN(RADIANS(R7-N7)/2)))*1000) | V7: =ABS(U7/S7) -> #VALUE! | W7: =IF(ISBLANK(Q7),"",MOD(DEGREES(ATAN2(COS(RADIANS(M7))*SIN(RADIANS(Q7)) - SIN(RADIANS(M7))*COS(RADIANS(Q7))*COS(RADIANS(R7-N7)),COS(RADIANS(Q7))*SIN(RADIANS(R7-N7)))) + 360, 360)) | X7: =IF('Recovery Log'!V7="","",'Recovery Log'!V7) | Y7: =IF('Recovery Log'!W7="","",'Recovery Log'!W7) | Z7: ='Recovery Log'!X7 | AA7: =IF(ISBLANK(Q7),"",MOD(DEGREES(ATAN2(COS(RADIANS(Q7))*SIN(RADIANS(X7)) - SIN(RADIANS(Q7))*COS(RADIANS(X7))*COS(RADIANS(Y7-R7)),COS(RADIANS(X7))*SIN(RADIANS(Y7-R7)))) + 360, 360)) | AB7: =IF('Recovery Log'!Y7="","",'Recovery Log'!Y7) | AC7: =IF('Recovery Log'!Z7="","",'Recovery Log'!Z7) | AD7: ='Recovery Log'!AA7 | AF7: =IF(ISBLANK(Q7),"",2*6370*ASIN(SQRT(SIN(RADIANS(Q7-J7)/2)*SIN(RADIANS(Q7-J7)/2) + COS(RADIANS(Q7))*COS(RADIANS(J7))*SIN(RADIANS(R7-K7)/2)*SIN(RADIANS(R7-K7)/2)))*1000) | AG7: =IF(ISBLANK(Q7),"",MOD(DEGREES(ATAN2(COS(RADIANS(J7))*SIN(RADIANS(Q7)) - SIN(RADIANS(J7))*COS(RADIANS(Q7))*COS(RADIANS(R7-K7)),COS(RADIANS(Q7))*SIN(RADIANS(R7-K7)))) + 360, 360)) | AH7: =IF('Recovery Log'!O7>'Deployment Log'!M7,'Recovery Log'!O7-'Deployment Log'!M7,"n/a") -> n/a | AI7: =IF(AND(ISNUMBER(G7),ISNUMBER(E7)),G7-E7,"n/a") -> n/a | AJ7: =IF(ISNUMBER(AH7),'Recovery Log'!AC7/AH7,"n/a") -> n/a | AK7: =IF(ISNUMBER(AJ7),1000000*AJ7/(24*60*60*1000),"n/a") -> n/a | AL7: =IF(ISNUMBER(AJ7),250+AJ7/24/60/60/250,"n/a") -> n/a | AM7: =IF(ISBLANK('Deployment Log'!AF7),"n/a",DEGREES(ATAN2('Deployment Log'!AF7,SQRT('Deployment Log'!AG7^2 + 'Deployment Log'!AH7^2)))) -> n/a | AN7: =IF(ISBLANK('Recovery Log'!P7),"n/a",DEGREES(ATAN2('Recovery Log'!P7,SQRT('Recovery Log'!Q7^2 + 'Recovery Log'!R7^2)))) -> n/a | AO7: =IF(AND(ISNUMBER(D7),ISNUMBER(E7)),(E7-D7)*24*60,"n/a") -> n/a | AP7: =IF(AND(ISNUMBER(G7),ISNUMBER(H7)),(H7-G7)*24*60,"n/a") -> n/a | AQ7: =IF(AND(ISNUMBER(G7),ISNUMBER('Recovery Log'!K7)),(G7-'Recovery Log'!K7)*24*60,"n/a") -> n/a | AR7: =IF(AND(ISNUMBER(H7),ISNUMBER(I7)),(I7-H7)*24*60,"n/a") -> n/a | AS7: =IF(AND(ISNUMBER('Recovery Log'!I7),ISNUMBER('Recovery Log'!N7)),('Recovery Log'!N7-'Recovery Log'!I7)*24*60,"n/a") -> n/a | AT7: =IF(ISNUMBER(AO7),O7/AO7,"n/a") -> n/a | AU7: =IF(ISNUMBER(AP7),O7/AP7,"n/a") -> n/a
A8: ='Deployment Log'!A8 -> 0 | B8: ='Deployment Log'!S8 -> 0 | C8: ='Deployment Log'!T8 -> 0 | D8: =IF('Deployment Log'!N8>DATE(2021,8,1),'Deployment Log'!N8,"n/a") -> n/a | E8: =IF('Deployment Log'!O8>DATE(2021,8,1),'Deployment Log'!O8,"n/a") -> n/a | F8: =IF('Deployment Log'!P8>DATE(2021,8,1),'Deployment Log'!P8,"n/a") -> n/a | G8: =IF('Recovery Log'!L8>DATE(2021,8,1),'Recovery Log'!L8,"n/a") -> n/a | H8: =IF('Recovery Log'!M8>DATE(2021,8,1),'Recovery Log'!M8,"n/a") -> n/a | I8: =IF(MIN('Recovery Log'!N8:O8)>DATE(2021,8,1),MIN('Recovery Log'!N8:O8),"n/a") -> n/a | J8: ='Deployment Log'!B8 -> 0 | K8: ='Deployment Log'!C8 -> 0 | L8: ='Deployment Log'!D8 -> 0 | M8: ='Deployment Log'!I8 -> 0 | N8: ='Deployment Log'!J8 -> 0 | O8: ='Deployment Log'!K8 -> 0 | P8: ='Deployment Log'!L8 | U8: =IF(ISBLANK(Q8),"",2*6370*ASIN(SQRT(SIN(RADIANS(Q8-M8)/2)*SIN(RADIANS(Q8-M8)/2) + COS(RADIANS(Q8))*COS(RADIANS(M8))*SIN(RADIANS(R8-N8)/2)*SIN(RADIANS(R8-N8)/2)))*1000) | V8: =ABS(U8/S8) -> #VALUE! | W8: =IF(ISBLANK(Q8),"",MOD(DEGREES(ATAN2(COS(RADIANS(M8))*SIN(RADIANS(Q8)) - SIN(RADIANS(M8))*COS(RADIANS(Q8))*COS(RADIANS(R8-N8)),COS(RADIANS(Q8))*SIN(RADIANS(R8-N8)))) + 360, 360)) | X8: =IF('Recovery Log'!V8="","",'Recovery Log'!V8) | Y8: =IF('Recovery Log'!W8="","",'Recovery Log'!W8) | Z8: ='Recovery Log'!X8 | AA8: =IF(ISBLANK(Q8),"",MOD(DEGREES(ATAN2(COS(RADIANS(Q8))*SIN(RADIANS(X8)) - SIN(RADIANS(Q8))*COS(RADIANS(X8))*COS(RADIANS(Y8-R8)),COS(RADIANS(X8))*SIN(RADIANS(Y8-R8)))) + 360, 360)) | AB8: =IF('Recovery Log'!Y8="","",'Recovery Log'!Y8) | AC8: =IF('Recovery Log'!Z8="","",'Recovery Log'!Z8) | AD8: ='Recovery Log'!AA8 | AF8: =IF(ISBLANK(Q8),"",2*6370*ASIN(SQRT(SIN(RADIANS(Q8-J8)/2)*SIN(RADIANS(Q8-J8)/2) + COS(RADIANS(Q8))*COS(RADIANS(J8))*SIN(RADIANS(R8-K8)/2)*SIN(RADIANS(R8-K8)/2)))*1000) | AG8: =IF(ISBLANK(Q8),"",MOD(DEGREES(ATAN2(COS(RADIANS(J8))*SIN(RADIANS(Q8)) - SIN(RADIANS(J8))*COS(RADIANS(Q8))*COS(RADIANS(R8-K8)),COS(RADIANS(Q8))*SIN(RADIANS(R8-K8)))) + 360, 360)) | AH8: =IF('Recovery Log'!O8>'Deployment Log'!M8,'Recovery Log'!O8-'Deployment Log'!M8,"n/a") -> n/a | AI8: =IF(AND(ISNUMBER(G8),ISNUMBER(E8)),G8-E8,"n/a") -> n/a | AJ8: =IF(ISNUMBER(AH8),'Recovery Log'!AC8/AH8,"n/a") -> n/a | AK8: =IF(ISNUMBER(AJ8),1000000*AJ8/(24*60*60*1000),"n/a") -> n/a | AL8: =IF(ISNUMBER(AJ8),250+AJ8/24/60/60/250,"n/a") -> n/a | AM8: =IF(ISBLANK('Deployment Log'!AF8),"n/a",DEGREES(ATAN2('Deployment Log'!AF8,SQRT('Deployment Log'!AG8^2 + 'Deployment Log'!AH8^2)))) -> n/a | AN8: =IF(ISBLANK('Recovery Log'!P8),"n/a",DEGREES(ATAN2('Recovery Log'!P8,SQRT('Recovery Log'!Q8^2 + 'Recovery Log'!R8^2)))) -> n/a | AO8: =IF(AND(ISNUMBER(D8),ISNUMBER(E8)),(E8-D8)*24*60,"n/a") -> n/a | AP8: =IF(AND(ISNUMBER(G8),ISNUMBER(H8)),(H8-G8)*24*60,"n/a") -> n/a | AQ8: =IF(AND(ISNUMBER(G8),ISNUMBER('Recovery Log'!K8)),(G8-'Recovery Log'!K8)*24*60,"n/a") -> n/a | AR8: =IF(AND(ISNUMBER(H8),ISNUMBER(I8)),(I8-H8)*24*60,"n/a") -> n/a | AS8: =IF(AND(ISNUMBER('Recovery Log'!I8),ISNUMBER('Recovery Log'!N8)),('Recovery Log'!N8-'Recovery Log'!I8)*24*60,"n/a") -> n/a | AT8: =IF(ISNUMBER(AO8),O8/AO8,"n/a") -> n/a | AU8: =IF(ISNUMBER(AP8),O8/AP8,"n/a") -> n/a
A9: ='Deployment Log'!A9 -> 0 | B9: ='Deployment Log'!S9 -> 0 | C9: ='Deployment Log'!T9 -> 0 | D9: =IF('Deployment Log'!N9>DATE(2021,8,1),'Deployment Log'!N9,"n/a") -> n/a | E9: =IF('Deployment Log'!O9>DATE(2021,8,1),'Deployment Log'!O9,"n/a") -> n/a | F9: =IF('Deployment Log'!P9>DATE(2021,8,1),'Deployment Log'!P9,"n/a") -> n/a | G9: =IF('Recovery Log'!L9>DATE(2021,8,1),'Recovery Log'!L9,"n/a") -> n/a | H9: =IF('Recovery Log'!M9>DATE(2021,8,1),'Recovery Log'!M9,"n/a") -> n/a | I9: =IF(MIN('Recovery Log'!N9:O9)>DATE(2021,8,1),MIN('Recovery Log'!N9:O9),"n/a") -> n/a | J9: ='Deployment Log'!B9 -> 0 | K9: ='Deployment Log'!C9 -> 0 | L9: ='Deployment Log'!D9 -> 0 | M9: ='Deployment Log'!I9 -> 0 | N9: ='Deployment Log'!J9 -> 0 | O9: ='Deployment Log'!K9 -> 0 | P9: ='Deployment Log'!L9 | U9: =IF(ISBLANK(Q9),"",2*6370*ASIN(SQRT(SIN(RADIANS(Q9-M9)/2)*SIN(RADIANS(Q9-M9)/2) + COS(RADIANS(Q9))*COS(RADIANS(M9))*SIN(RADIANS(R9-N9)/2)*SIN(RADIANS(R9-N9)/2)))*1000) | V9: =ABS(U9/S9) -> #VALUE! | W9: =IF(ISBLANK(Q9),"",MOD(DEGREES(ATAN2(COS(RADIANS(M9))*SIN(RADIANS(Q9)) - SIN(RADIANS(M9))*COS(RADIANS(Q9))*COS(RADIANS(R9-N9)),COS(RADIANS(Q9))*SIN(RADIANS(R9-N9)))) + 360, 360)) | X9: =IF('Recovery Log'!V9="","",'Recovery Log'!V9) | Y9: =IF('Recovery Log'!W9="","",'Recovery Log'!W9) | Z9: ='Recovery Log'!X9 | AA9: =IF(ISBLANK(Q9),"",MOD(DEGREES(ATAN2(COS(RADIANS(Q9))*SIN(RADIANS(X9)) - SIN(RADIANS(Q9))*COS(RADIANS(X9))*COS(RADIANS(Y9-R9)),COS(RADIANS(X9))*SIN(RADIANS(Y9-R9)))) + 360, 360)) | AB9: =IF('Recovery Log'!Y9="","",'Recovery Log'!Y9) | AC9: =IF('Recovery Log'!Z9="","",'Recovery Log'!Z9) | AD9: ='Recovery Log'!AA9 | AF9: =IF(ISBLANK(Q9),"",2*6370*ASIN(SQRT(SIN(RADIANS(Q9-J9)/2)*SIN(RADIANS(Q9-J9)/2) + COS(RADIANS(Q9))*COS(RADIANS(J9))*SIN(RADIANS(R9-K9)/2)*SIN(RADIANS(R9-K9)/2)))*1000) | AG9: =IF(ISBLANK(Q9),"",MOD(DEGREES(ATAN2(COS(RADIANS(J9))*SIN(RADIANS(Q9)) - SIN(RADIANS(J9))*COS(RADIANS(Q9))*COS(RADIANS(R9-K9)),COS(RADIANS(Q9))*SIN(RADIANS(R9-K9)))) + 360, 360)) | AH9: =IF('Recovery Log'!O9>'Deployment Log'!M9,'Recovery Log'!O9-'Deployment Log'!M9,"n/a") -> n/a | AI9: =IF(AND(ISNUMBER(G9),ISNUMBER(E9)),G9-E9,"n/a") -> n/a | AJ9: =IF(ISNUMBER(AH9),'Recovery Log'!AC9/AH9,"n/a") -> n/a | AK9: =IF(ISNUMBER(AJ9),1000000*AJ9/(24*60*60*1000),"n/a") -> n/a | AL9: =IF(ISNUMBER(AJ9),250+AJ9/24/60/60/250,"n/a") -> n/a | AM9: =IF(ISBLANK('Deployment Log'!AF9),"n/a",DEGREES(ATAN2('Deployment Log'!AF9,SQRT('Deployment Log'!AG9^2 + 'Deployment Log'!AH9^2)))) -> n/a | AN9: =IF(ISBLANK('Recovery Log'!P9),"n/a",DEGREES(ATAN2('Recovery Log'!P9,SQRT('Recovery Log'!Q9^2 + 'Recovery Log'!R9^2)))) -> n/a | AO9: =IF(AND(ISNUMBER(D9),ISNUMBER(E9)),(E9-D9)*24*60,"n/a") -> n/a | AP9: =IF(AND(ISNUMBER(G9),ISNUMBER(H9)),(H9-G9)*24*60,"n/a") -> n/a | AQ9: =IF(AND(ISNUMBER(G9),ISNUMBER('Recovery Log'!K9)),(G9-'Recovery Log'!K9)*24*60,"n/a") -> n/a | AR9: =IF(AND(ISNUMBER(H9),ISNUMBER(I9)),(I9-H9)*24*60,"n/a") -> n/a | AS9: =IF(AND(ISNUMBER('Recovery Log'!I9),ISNUMBER('Recovery Log'!N9)),('Recovery Log'!N9-'Recovery Log'!I9)*24*60,"n/a") -> n/a | AT9: =IF(ISNUMBER(AO9),O9/AO9,"n/a") -> n/a | AU9: =IF(ISNUMBER(AP9),O9/AP9,"n/a") -> n/a
A10: ='Deployment Log'!A10 -> 0 | B10: ='Deployment Log'!S10 -> 0 | C10: ='Deployment Log'!T10 -> 0 | D10: =IF('Deployment Log'!N10>DATE(2021,8,1),'Deployment Log'!N10,"n/a") -> n/a | E10: =IF('Deployment Log'!O10>DATE(2021,8,1),'Deployment Log'!O10,"n/a") -> n/a | F10: =IF('Deployment Log'!P10>DATE(2021,8,1),'Deployment Log'!P10,"n/a") -> n/a | G10: =IF('Recovery Log'!L10>DATE(2021,8,1),'Recovery Log'!L10,"n/a") -> n/a | H10: =IF('Recovery Log'!M10>DATE(2021,8,1),'Recovery Log'!M10,"n/a") -> n/a | I10: =IF(MIN('Recovery Log'!N10:O10)>DATE(2021,8,1),MIN('Recovery Log'!N10:O10),"n/a") -> n/a | J10: ='Deployment Log'!B10 -> 0 | K10: ='Deployment Log'!C10 -> 0 | L10: ='Deployment Log'!D10 -> 0 | M10: ='Deployment Log'!I10 -> 0 | N10: ='Deployment Log'!J10 -> 0 | O10: ='Deployment Log'!K10 -> 0 | P10: ='Deployment Log'!L10 | U10: =IF(ISBLANK(Q10),"",2*6370*ASIN(SQRT(SIN(RADIANS(Q10-M10)/2)*SIN(RADIANS(Q10-M10)/2) + COS(RADIANS(Q10))*COS(RADIANS(M10))*SIN(RADIANS(R10-N10)/2)*SIN(RADIANS(R10-N10)/2)))*1000) | V10: =ABS(U10/S10) -> #VALUE! | W10: =IF(ISBLANK(Q10),"",MOD(DEGREES(ATAN2(COS(RADIANS(M10))*SIN(RADIANS(Q10)) - SIN(RADIANS(M10))*COS(RADIANS(Q10))*COS(RADIANS(R10-N10)),COS(RADIANS(Q10))*SIN(RADIANS(R10-N10)))) + 360, 360)) | X10: =IF('Recovery Log'!V10="","",'Recovery Log'!V10) | Y10: =IF('Recovery Log'!W10="","",'Recovery Log'!W10) | Z10: ='Recovery Log'!X10 | AA10: =IF(ISBLANK(Q10),"",MOD(DEGREES(ATAN2(COS(RADIANS(Q10))*SIN(RADIANS(X10)) - SIN(RADIANS(Q10))*COS(RADIANS(X10))*COS(RADIANS(Y10-R10)),COS(RADIANS(X10))*SIN(RADIANS(Y10-R10)))) + 360, 360)) | AB10: =IF('Recovery Log'!Y10="","",'Recovery Log'!Y10) | AC10: =IF('Recovery Log'!Z10="","",'Recovery Log'!Z10) | AD10: ='Recovery Log'!AA10 | AF10: =IF(ISBLANK(Q10),"",2*6370*ASIN(SQRT(SIN(RADIANS(Q10-J10)/2)*SIN(RADIANS(Q10-J10)/2) + COS(RADIANS(Q10))*COS(RADIANS(J10))*SIN(RADIANS(R10-K10)/2)*SIN(RADIANS(R10-K10)/2)))*1000) | AG10: =IF(ISBLANK(Q10),"",MOD(DEGREES(ATAN2(COS(RADIANS(J10))*SIN(RADIANS(Q10)) - SIN(RADIANS(J10))*COS(RADIANS(Q10))*COS(RADIANS(R10-K10)),COS(RADIANS(Q10))*SIN(RADIANS(R10-K10)))) + 360, 360)) | AH10: =IF('Recovery Log'!O10>'Deployment Log'!M10,'Recovery Log'!O10-'Deployment Log'!M10,"n/a") -> n/a | AI10: =IF(AND(ISNUMBER(G10),ISNUMBER(E10)),G10-E10,"n/a") -> n/a | AJ10: =IF(ISNUMBER(AH10),'Recovery Log'!AC10/AH10,"n/a") -> n/a | AK10: =IF(ISNUMBER(AJ10),1000000*AJ10/(24*60*60*1000),"n/a") -> n/a | AL10: =IF(ISNUMBER(AJ10),250+AJ10/24/60/60/250,"n/a") -> n/a | AM10: =IF(ISBLANK('Deployment Log'!AF10),"n/a",DEGREES(ATAN2('Deployment Log'!AF10,SQRT('Deployment Log'!AG10^2 + 'Deployment Log'!AH10^2)))) -> n/a | AN10: =IF(ISBLANK('Recovery Log'!P10),"n/a",DEGREES(ATAN2('Recovery Log'!P10,SQRT('Recovery Log'!Q10^2 + 'Recovery Log'!R10^2)))) -> n/a | AO10: =IF(AND(ISNUMBER(D10),ISNUMBER(E10)),(E10-D10)*24*60,"n/a") -> n/a | AP10: =IF(AND(ISNUMBER(G10),ISNUMBER(H10)),(H10-G10)*24*60,"n/a") -> n/a | AQ10: =IF(AND(ISNUMBER(G10),ISNUMBER('Recovery Log'!K10)),(G10-'Recovery Log'!K10)*24*60,"n/a") -> n/a | AR10: =IF(AND(ISNUMBER(H10),ISNUMBER(I10)),(I10-H10)*24*60,"n/a") -> n/a | AS10: =IF(AND(ISNUMBER('Recovery Log'!I10),ISNUMBER('Recovery Log'!N10)),('Recovery Log'!N10-'Recovery Log'!I10)*24*60,"n/a") -> n/a | AT10: =IF(ISNUMBER(AO10),O10/AO10,"n/a") -> n/a | AU10: =IF(ISNUMBER(AP10),O10/AP10,"n/a") -> n/a
A11: ='Deployment Log'!A11 -> 0 | B11: ='Deployment Log'!S11 -> 0 | C11: ='Deployment Log'!T11 -> 0 | D11: =IF('Deployment Log'!N11>DATE(2021,8,1),'Deployment Log'!N11,"n/a") -> n/a | E11: =IF('Deployment Log'!O11>DATE(2021,8,1),'Deployment Log'!O11,"n/a") -> n/a | F11: =IF('Deployment Log'!P11>DATE(2021,8,1),'Deployment Log'!P11,"n/a") -> n/a | G11: =IF('Recovery Log'!L11>DATE(2021,8,1),'Recovery Log'!L11,"n/a") -> n/a | H11: =IF('Recovery Log'!M11>DATE(2021,8,1),'Recovery Log'!M11,"n/a") -> n/a | I11: =IF(MIN('Recovery Log'!N11:O11)>DATE(2021,8,1),MIN('Recovery Log'!N11:O11),"n/a") -> n/a | J11: ='Deployment Log'!B11 -> 0 | K11: ='Deployment Log'!C11 -> 0 | L11: ='Deployment Log'!D11 -> 0 | M11: ='Deployment Log'!I11 -> 0 | N11: ='Deployment Log'!J11 -> 0 | O11: ='Deployment Log'!K11 -> 0 | P11: ='Deployment Log'!L11 | U11: =IF(ISBLANK(Q11),"",2*6370*ASIN(SQRT(SIN(RADIANS(Q11-M11)/2)*SIN(RADIANS(Q11-M11)/2) + COS(RADIANS(Q11))*COS(RADIANS(M11))*SIN(RADIANS(R11-N11)/2)*SIN(RADIANS(R11-N11)/2)))*1000) | V11: =ABS(U11/S11) -> #VALUE! | W11: =IF(ISBLANK(Q11),"",MOD(DEGREES(ATAN2(COS(RADIANS(M11))*SIN(RADIANS(Q11)) - SIN(RADIANS(M11))*COS(RADIANS(Q11))*COS(RADIANS(R11-N11)),COS(RADIANS(Q11))*SIN(RADIANS(R11-N11)))) + 360, 360)) | X11: =IF('Recovery Log'!V11="","",'Recovery Log'!V11) | Y11: =IF('Recovery Log'!W11="","",'Recovery Log'!W11) | Z11: ='Recovery Log'!X11 | AA11: =IF(ISBLANK(Q11),"",MOD(DEGREES(ATAN2(COS(RADIANS(Q11))*SIN(RADIANS(X11)) - SIN(RADIANS(Q11))*COS(RADIANS(X11))*COS(RADIANS(Y11-R11)),COS(RADIANS(X11))*SIN(RADIANS(Y11-R11)))) + 360, 360)) | AB11: =IF('Recovery Log'!Y11="","",'Recovery Log'!Y11) | AC11: =IF('Recovery Log'!Z11="","",'Recovery Log'!Z11) | AD11: ='Recovery Log'!AA11 | AF11: =IF(ISBLANK(Q11),"",2*6370*ASIN(SQRT(SIN(RADIANS(Q11-J11)/2)*SIN(RADIANS(Q11-J11)/2) + COS(RADIANS(Q11))*COS(RADIANS(J11))*SIN(RADIANS(R11-K11)/2)*SIN(RADIANS(R11-K11)/2)))*1000) | AG11: =IF(ISBLANK(Q11),"",MOD(DEGREES(ATAN2(COS(RADIANS(J11))*SIN(RADIANS(Q11)) - SIN(RADIANS(J11))*COS(RADIANS(Q11))*COS(RADIANS(R11-K11)),COS(RADIANS(Q11))*SIN(RADIANS(R11-K11)))) + 360, 360)) | AH11: =IF('Recovery Log'!O11>'Deployment Log'!M11,'Recovery Log'!O11-'Deployment Log'!M11,"n/a") -> n/a | AI11: =IF(AND(ISNUMBER(G11),ISNUMBER(E11)),G11-E11,"n/a") -> n/a | AJ11: =IF(ISNUMBER(AH11),'Recovery Log'!AC11/AH11,"n/a") -> n/a | AK11: =IF(ISNUMBER(AJ11),1000000*AJ11/(24*60*60*1000),"n/a") -> n/a | AL11: =IF(ISNUMBER(AJ11),250+AJ11/24/60/60/250,"n/a") -> n/a | AM11: =IF(ISBLANK('Deployment Log'!AF11),"n/a",DEGREES(ATAN2('Deployment Log'!AF11,SQRT('Deployment Log'!AG11^2 + 'Deployment Log'!AH11^2)))) -> n/a | AN11: =IF(ISBLANK('Recovery Log'!P11),"n/a",DEGREES(ATAN2('Recovery Log'!P11,SQRT('Recovery Log'!Q11^2 + 'Recovery Log'!R11^2)))) -> n/a | AO11: =IF(AND(ISNUMBER(D11),ISNUMBER(E11)),(E11-D11)*24*60,"n/a") -> n/a | AP11: =IF(AND(ISNUMBER(G11),ISNUMBER(H11)),(H11-G11)*24*60,"n/a") -> n/a | AQ11: =IF(AND(ISNUMBER(G11),ISNUMBER('Recovery Log'!K11)),(G11-'Recovery Log'!K11)*24*60,"n/a") -> n/a | AR11: =IF(AND(ISNUMBER(H11),ISNUMBER(I11)),(I11-H11)*24*60,"n/a") -> n/a | AS11: =IF(AND(ISNUMBER('Recovery Log'!I11),ISNUMBER('Recovery Log'!N11)),('Recovery Log'!N11-'Recovery Log'!I11)*24*60,"n/a") -> n/a | AT11: =IF(ISNUMBER(AO11),O11/AO11,"n/a") -> n/a | AU11: =IF(ISNUMBER(AP11),O11/AP11,"n/a") -> n/a
A12: ='Deployment Log'!A12 -> 0 | B12: ='Deployment Log'!S12 -> 0 | C12: ='Deployment Log'!T12 -> 0 | D12: =IF('Deployment Log'!N12>DATE(2021,8,1),'Deployment Log'!N12,"n/a") -> n/a | E12: =IF('Deployment Log'!O12>DATE(2021,8,1),'Deployment Log'!O12,"n/a") -> n/a | F12: =IF('Deployment Log'!P12>DATE(2021,8,1),'Deployment Log'!P12,"n/a") -> n/a | G12: =IF('Recovery Log'!L12>DATE(2021,8,1),'Recovery Log'!L12,"n/a") -> n/a | H12: =IF('Recovery Log'!M12>DATE(2021,8,1),'Recovery Log'!M12,"n/a") -> n/a | I12: =IF(MIN('Recovery Log'!N12:O12)>DATE(2021,8,1),MIN('Recovery Log'!N12:O12),"n/a") -> n/a | J12: ='Deployment Log'!B12 -> 0 | K12: ='Deployment Log'!C12 -> 0 | L12: ='Deployment Log'!D12 -> 0 | M12: ='Deployment Log'!I12 -> 0 | N12: ='Deployment Log'!J12 -> 0 | O12: ='Deployment Log'!K12 -> 0 | P12: ='Deployment Log'!L12 | U12: =IF(ISBLANK(Q12),"",2*6370*ASIN(SQRT(SIN(RADIANS(Q12-M12)/2)*SIN(RADIANS(Q12-M12)/2) + COS(RADIANS(Q12))*COS(RADIANS(M12))*SIN(RADIANS(R12-N12)/2)*SIN(RADIANS(R12-N12)/2)))*1000) | V12: =ABS(U12/S12) -> #VALUE! | W12: =IF(ISBLANK(Q12),"",MOD(DEGREES(ATAN2(COS(RADIANS(M12))*SIN(RADIANS(Q12)) - SIN(RADIANS(M12))*COS(RADIANS(Q12))*COS(RADIANS(R12-N12)),COS(RADIANS(Q12))*SIN(RADIANS(R12-N12)))) + 360, 360)) | X12: =IF('Recovery Log'!V12="","",'Recovery Log'!V12) | Y12: =IF('Recovery Log'!W12="","",'Recovery Log'!W12) | Z12: ='Recovery Log'!X12 | AA12: =IF(ISBLANK(Q12),"",MOD(DEGREES(ATAN2(COS(RADIANS(Q12))*SIN(RADIANS(X12)) - SIN(RADIANS(Q12))*COS(RADIANS(X12))*COS(RADIANS(Y12-R12)),COS(RADIANS(X12))*SIN(RADIANS(Y12-R12)))) + 360, 360)) | AB12: =IF('Recovery Log'!Y12="","",'Recovery Log'!Y12) | AC12: =IF('Recovery Log'!Z12="","",'Recovery Log'!Z12) | AD12: ='Recovery Log'!AA12 | AF12: =IF(ISBLANK(Q12),"",2*6370*ASIN(SQRT(SIN(RADIANS(Q12-J12)/2)*SIN(RADIANS(Q12-J12)/2) + COS(RADIANS(Q12))*COS(RADIANS(J12))*SIN(RADIANS(R12-K12)/2)*SIN(RADIANS(R12-K12)/2)))*1000) | AG12: =IF(ISBLANK(Q12),"",MOD(DEGREES(ATAN2(COS(RADIANS(J12))*SIN(RADIANS(Q12)) - SIN(RADIANS(J12))*COS(RADIANS(Q12))*COS(RADIANS(R12-K12)),COS(RADIANS(Q12))*SIN(RADIANS(R12-K12)))) + 360, 360)) | AH12: =IF('Recovery Log'!O12>'Deployment Log'!M12,'Recovery Log'!O12-'Deployment Log'!M12,"n/a") -> n/a | AI12: =IF(AND(ISNUMBER(G12),ISNUMBER(E12)),G12-E12,"n/a") -> n/a | AJ12: =IF(ISNUMBER(AH12),'Recovery Log'!AC12/AH12,"n/a") -> n/a | AK12: =IF(ISNUMBER(AJ12),1000000*AJ12/(24*60*60*1000),"n/a") -> n/a | AL12: =IF(ISNUMBER(AJ12),250+AJ12/24/60/60/250,"n/a") -> n/a | AM12: =IF(ISBLANK('Deployment Log'!AF12),"n/a",DEGREES(ATAN2('Deployment Log'!AF12,SQRT('Deployment Log'!AG12^2 + 'Deployment Log'!AH12^2)))) -> n/a | AN12: =IF(ISBLANK('Recovery Log'!P12),"n/a",DEGREES(ATAN2('Recovery Log'!P12,SQRT('Recovery Log'!Q12^2 + 'Recovery Log'!R12^2)))) -> n/a | AO12: =IF(AND(ISNUMBER(D12),ISNUMBER(E12)),(E12-D12)*24*60,"n/a") -> n/a | AP12: =IF(AND(ISNUMBER(G12),ISNUMBER(H12)),(H12-G12)*24*60,"n/a") -> n/a | AQ12: =IF(AND(ISNUMBER(G12),ISNUMBER('Recovery Log'!K12)),(G12-'Recovery Log'!K12)*24*60,"n/a") -> n/a | AR12: =IF(AND(ISNUMBER(H12),ISNUMBER(I12)),(I12-H12)*24*60,"n/a") -> n/a | AS12: =IF(AND(ISNUMBER('Recovery Log'!I12),ISNUMBER('Recovery Log'!N12)),('Recovery Log'!N12-'Recovery Log'!I12)*24*60,"n/a") -> n/a | AT12: =IF(ISNUMBER(AO12),O12/AO12,"n/a") -> n/a | AU12: =IF(ISNUMBER(AP12),O12/AP12,"n/a") -> n/a
A13: ='Deployment Log'!A13 -> 0 | B13: ='Deployment Log'!S13 -> 0 | C13: ='Deployment Log'!T13 -> 0 | D13: =IF('Deployment Log'!N13>DATE(2021,8,1),'Deployment Log'!N13,"n/a") -> n/a | E13: =IF('Deployment Log'!O13>DATE(2021,8,1),'Deployment Log'!O13,"n/a") -> n/a | F13: =IF('Deployment Log'!P13>DATE(2021,8,1),'Deployment Log'!P13,"n/a") -> n/a | G13: =IF('Recovery Log'!L13>DATE(2021,8,1),'Recovery Log'!L13,"n/a") -> n/a | H13: =IF('Recovery Log'!M13>DATE(2021,8,1),'Recovery Log'!M13,"n/a") -> n/a | I13: =IF(MIN('Recovery Log'!N13:O13)>DATE(2021,8,1),MIN('Recovery Log'!N13:O13),"n/a") -> n/a | J13: ='Deployment Log'!B13 -> 0 | K13: ='Deployment Log'!C13 -> 0 | L13: ='Deployment Log'!D13 -> 0 | M13: ='Deployment Log'!I13 -> 0 | N13: ='Deployment Log'!J13 -> 0 | O13: ='Deployment Log'!K13 -> 0 | P13: ='Deployment Log'!L13 | U13: =IF(ISBLANK(Q13),"",2*6370*ASIN(SQRT(SIN(RADIANS(Q13-M13)/2)*SIN(RADIANS(Q13-M13)/2) + COS(RADIANS(Q13))*COS(RADIANS(M13))*SIN(RADIANS(R13-N13)/2)*SIN(RADIANS(R13-N13)/2)))*1000) | V13: =ABS(U13/S13) -> #VALUE! | W13: =IF(ISBLANK(Q13),"",MOD(DEGREES(ATAN2(COS(RADIANS(M13))*SIN(RADIANS(Q13)) - SIN(RADIANS(M13))*COS(RADIANS(Q13))*COS(RADIANS(R13-N13)),COS(RADIANS(Q13))*SIN(RADIANS(R13-N13)))) + 360, 360)) | X13: =IF('Recovery Log'!V13="","",'Recovery Log'!V13) | Y13: =IF('Recovery Log'!W13="","",'Recovery Log'!W13) | Z13: ='Recovery Log'!X13 | AA13: =IF(ISBLANK(Q13),"",MOD(DEGREES(ATAN2(COS(RADIANS(Q13))*SIN(RADIANS(X13)) - SIN(RADIANS(Q13))*COS(RADIANS(X13))*COS(RADIANS(Y13-R13)),COS(RADIANS(X13))*SIN(RADIANS(Y13-R13)))) + 360, 360)) | AB13: =IF('Recovery Log'!Y13="","",'Recovery Log'!Y13) | AC13: =IF('Recovery Log'!Z13="","",'Recovery Log'!Z13) | AD13: ='Recovery Log'!AA13 | AF13: =IF(ISBLANK(Q13),"",2*6370*ASIN(SQRT(SIN(RADIANS(Q13-J13)/2)*SIN(RADIANS(Q13-J13)/2) + COS(RADIANS(Q13))*COS(RADIANS(J13))*SIN(RADIANS(R13-K13)/2)*SIN(RADIANS(R13-K13)/2)))*1000) | AG13: =IF(ISBLANK(Q13),"",MOD(DEGREES(ATAN2(COS(RADIANS(J13))*SIN(RADIANS(Q13)) - SIN(RADIANS(J13))*COS(RADIANS(Q13))*COS(RADIANS(R13-K13)),COS(RADIANS(Q13))*SIN(RADIANS(R13-K13)))) + 360, 360)) | AH13: =IF('Recovery Log'!O13>'Deployment Log'!M13,'Recovery Log'!O13-'Deployment Log'!M13,"n/a") -> n/a | AI13: =IF(AND(ISNUMBER(G13),ISNUMBER(E13)),G13-E13,"n/a") -> n/a | AJ13: =IF(ISNUMBER(AH13),'Recovery Log'!AC13/AH13,"n/a") -> n/a | AK13: =IF(ISNUMBER(AJ13),1000000*AJ13/(24*60*60*1000),"n/a") -> n/a | AL13: =IF(ISNUMBER(AJ13),250+AJ13/24/60/60/250,"n/a") -> n/a | AM13: =IF(ISBLANK('Deployment Log'!AF13),"n/a",DEGREES(ATAN2('Deployment Log'!AF13,SQRT('Deployment Log'!AG13^2 + 'Deployment Log'!AH13^2)))) -> n/a | AN13: =IF(ISBLANK('Recovery Log'!P13),"n/a",DEGREES(ATAN2('Recovery Log'!P13,SQRT('Recovery Log'!Q13^2 + 'Recovery Log'!R13^2)))) -> n/a | AO13: =IF(AND(ISNUMBER(D13),ISNUMBER(E13)),(E13-D13)*24*60,"n/a") -> n/a | AP13: =IF(AND(ISNUMBER(G13),ISNUMBER(H13)),(H13-G13)*24*60,"n/a") -> n/a | AQ13: =IF(AND(ISNUMBER(G13),ISNUMBER('Recovery Log'!K13)),(G13-'Recovery Log'!K13)*24*60,"n/a") -> n/a | AR13: =IF(AND(ISNUMBER(H13),ISNUMBER(I13)),(I13-H13)*24*60,"n/a") -> n/a | AS13: =IF(AND(ISNUMBER('Recovery Log'!I13),ISNUMBER('Recovery Log'!N13)),('Recovery Log'!N13-'Recovery Log'!I13)*24*60,"n/a") -> n/a | AT13: =IF(ISNUMBER(AO13),O13/AO13,"n/a") -> n/a | AU13: =IF(ISNUMBER(AP13),O13/AP13,"n/a") -> n/a
A14: ='Deployment Log'!A14 -> 0 | B14: ='Deployment Log'!S14 -> 0 | C14: ='Deployment Log'!T14 -> 0 | D14: =IF('Deployment Log'!N14>DATE(2021,8,1),'Deployment Log'!N14,"n/a") -> n/a | E14: =IF('Deployment Log'!O14>DATE(2021,8,1),'Deployment Log'!O14,"n/a") -> n/a | F14: =IF('Deployment Log'!P14>DATE(2021,8,1),'Deployment Log'!P14,"n/a") -> n/a | G14: =IF('Recovery Log'!L14>DATE(2021,8,1),'Recovery Log'!L14,"n/a") -> n/a | H14: =IF('Recovery Log'!M14>DATE(2021,8,1),'Recovery Log'!M14,"n/a") -> n/a | I14: =IF(MIN('Recovery Log'!N14:O14)>DATE(2021,8,1),MIN('Recovery Log'!N14:O14),"n/a") -> n/a | J14: ='Deployment Log'!B14 -> 0 | K14: ='Deployment Log'!C14 -> 0 | L14: ='Deployment Log'!D14 -> 0 | M14: ='Deployment Log'!I14 -> 0 | N14: ='Deployment Log'!J14 -> 0 | O14: ='Deployment Log'!K14 -> 0 | P14: ='Deployment Log'!L14 | U14: =IF(ISBLANK(Q14),"",2*6370*ASIN(SQRT(SIN(RADIANS(Q14-M14)/2)*SIN(RADIANS(Q14-M14)/2) + COS(RADIANS(Q14))*COS(RADIANS(M14))*SIN(RADIANS(R14-N14)/2)*SIN(RADIANS(R14-N14)/2)))*1000) | V14: =ABS(U14/S14) -> #VALUE! | W14: =IF(ISBLANK(Q14),"",MOD(DEGREES(ATAN2(COS(RADIANS(M14))*SIN(RADIANS(Q14)) - SIN(RADIANS(M14))*COS(RADIANS(Q14))*COS(RADIANS(R14-N14)),COS(RADIANS(Q14))*SIN(RADIANS(R14-N14)))) + 360, 360)) | X14: =IF('Recovery Log'!V14="","",'Recovery Log'!V14) | Y14: =IF('Recovery Log'!W14="","",'Recovery Log'!W14) | Z14: ='Recovery Log'!X14 | AA14: =IF(ISBLANK(Q14),"",MOD(DEGREES(ATAN2(COS(RADIANS(Q14))*SIN(RADIANS(X14)) - SIN(RADIANS(Q14))*COS(RADIANS(X14))*COS(RADIANS(Y14-R14)),COS(RADIANS(X14))*SIN(RADIANS(Y14-R14)))) + 360, 360)) | AB14: =IF('Recovery Log'!Y14="","",'Recovery Log'!Y14) | AC14: =IF('Recovery Log'!Z14="","",'Recovery Log'!Z14) | AD14: ='Recovery Log'!AA14 | AF14: =IF(ISBLANK(Q14),"",2*6370*ASIN(SQRT(SIN(RADIANS(Q14-J14)/2)*SIN(RADIANS(Q14-J14)/2) + COS(RADIANS(Q14))*COS(RADIANS(J14))*SIN(RADIANS(R14-K14)/2)*SIN(RADIANS(R14-K14)/2)))*1000) | AG14: =IF(ISBLANK(Q14),"",MOD(DEGREES(ATAN2(COS(RADIANS(J14))*SIN(RADIANS(Q14)) - SIN(RADIANS(J14))*COS(RADIANS(Q14))*COS(RADIANS(R14-K14)),COS(RADIANS(Q14))*SIN(RADIANS(R14-K14)))) + 360, 360)) | AH14: =IF('Recovery Log'!O14>'Deployment Log'!M14,'Recovery Log'!O14-'Deployment Log'!M14,"n/a") -> n/a | AI14: =IF(AND(ISNUMBER(G14),ISNUMBER(E14)),G14-E14,"n/a") -> n/a | AJ14: =IF(ISNUMBER(AH14),'Recovery Log'!AC14/AH14,"n/a") -> n/a | AK14: =IF(ISNUMBER(AJ14),1000000*AJ14/(24*60*60*1000),"n/a") -> n/a | AL14: =IF(ISNUMBER(AJ14),250+AJ14/24/60/60/250,"n/a") -> n/a | AM14: =IF(ISBLANK('Deployment Log'!AF14),"n/a",DEGREES(ATAN2('Deployment Log'!AF14,SQRT('Deployment Log'!AG14^2 + 'Deployment Log'!AH14^2)))) -> n/a | AN14: =IF(ISBLANK('Recovery Log'!P14),"n/a",DEGREES(ATAN2('Recovery Log'!P14,SQRT('Recovery Log'!Q14^2 + 'Recovery Log'!R14^2)))) -> n/a | AO14: =IF(AND(ISNUMBER(D14),ISNUMBER(E14)),(E14-D14)*24*60,"n/a") -> n/a | AP14: =IF(AND(ISNUMBER(G14),ISNUMBER(H14)),(H14-G14)*24*60,"n/a") -> n/a | AQ14: =IF(AND(ISNUMBER(G14),ISNUMBER('Recovery Log'!K14)),(G14-'Recovery Log'!K14)*24*60,"n/a") -> n/a | AR14: =IF(AND(ISNUMBER(H14),ISNUMBER(I14)),(I14-H14)*24*60,"n/a") -> n/a | AS14: =IF(AND(ISNUMBER('Recovery Log'!I14),ISNUMBER('Recovery Log'!N14)),('Recovery Log'!N14-'Recovery Log'!I14)*24*60,"n/a") -> n/a | AT14: =IF(ISNUMBER(AO14),O14/AO14,"n/a") -> n/a | AU14: =IF(ISNUMBER(AP14),O14/AP14,"n/a") -> n/a
A15: ='Deployment Log'!A15 -> 0 | B15: ='Deployment Log'!S15 -> 0 | C15: ='Deployment Log'!T15 -> 0 | D15: =IF('Deployment Log'!N15>DATE(2021,8,1),'Deployment Log'!N15,"n/a") -> n/a | E15: =IF('Deployment Log'!O15>DATE(2021,8,1),'Deployment Log'!O15,"n/a") -> n/a | F15: =IF('Deployment Log'!P15>DATE(2021,8,1),'Deployment Log'!P15,"n/a") -> n/a | G15: =IF('Recovery Log'!L15>DATE(2021,8,1),'Recovery Log'!L15,"n/a") -> n/a | H15: =IF('Recovery Log'!M15>DATE(2021,8,1),'Recovery Log'!M15,"n/a") -> n/a | I15: =IF(MIN('Recovery Log'!N15:O15)>DATE(2021,8,1),MIN('Recovery Log'!N15:O15),"n/a") -> n/a | J15: ='Deployment Log'!B15 -> 0 | K15: ='Deployment Log'!C15 -> 0 | L15: ='Deployment Log'!D15 -> 0 | M15: ='Deployment Log'!I15 -> 0 | N15: ='Deployment Log'!J15 -> 0 | O15: ='Deployment Log'!K15 -> 0 | P15: ='Deployment Log'!L15 | U15: =IF(ISBLANK(Q15),"",2*6370*ASIN(SQRT(SIN(RADIANS(Q15-M15)/2)*SIN(RADIANS(Q15-M15)/2) + COS(RADIANS(Q15))*COS(RADIANS(M15))*SIN(RADIANS(R15-N15)/2)*SIN(RADIANS(R15-N15)/2)))*1000) | V15: =ABS(U15/S15) -> #VALUE! | W15: =IF(ISBLANK(Q15),"",MOD(DEGREES(ATAN2(COS(RADIANS(M15))*SIN(RADIANS(Q15)) - SIN(RADIANS(M15))*COS(RADIANS(Q15))*COS(RADIANS(R15-N15)),COS(RADIANS(Q15))*SIN(RADIANS(R15-N15)))) + 360, 360)) | X15: =IF('Recovery Log'!V15="","",'Recovery Log'!V15) | Y15: =IF('Recovery Log'!W15="","",'Recovery Log'!W15) | Z15: ='Recovery Log'!X15 | AA15: =IF(ISBLANK(Q15),"",MOD(DEGREES(ATAN2(COS(RADIANS(Q15))*SIN(RADIANS(X15)) - SIN(RADIANS(Q15))*COS(RADIANS(X15))*COS(RADIANS(Y15-R15)),COS(RADIANS(X15))*SIN(RADIANS(Y15-R15)))) + 360, 360)) | AB15: =IF('Recovery Log'!Y15="","",'Recovery Log'!Y15) | AC15: =IF('Recovery Log'!Z15="","",'Recovery Log'!Z15) | AD15: ='Recovery Log'!AA15 | AF15: =IF(ISBLANK(Q15),"",2*6370*ASIN(SQRT(SIN(RADIANS(Q15-J15)/2)*SIN(RADIANS(Q15-J15)/2) + COS(RADIANS(Q15))*COS(RADIANS(J15))*SIN(RADIANS(R15-K15)/2)*SIN(RADIANS(R15-K15)/2)))*1000) | AG15: =IF(ISBLANK(Q15),"",MOD(DEGREES(ATAN2(COS(RADIANS(J15))*SIN(RADIANS(Q15)) - SIN(RADIANS(J15))*COS(RADIANS(Q15))*COS(RADIANS(R15-K15)),COS(RADIANS(Q15))*SIN(RADIANS(R15-K15)))) + 360, 360)) | AH15: =IF('Recovery Log'!O15>'Deployment Log'!M15,'Recovery Log'!O15-'Deployment Log'!M15,"n/a") -> n/a | AI15: =IF(AND(ISNUMBER(G15),ISNUMBER(E15)),G15-E15,"n/a") -> n/a | AJ15: =IF(ISNUMBER(AH15),'Recovery Log'!AC15/AH15,"n/a") -> n/a | AK15: =IF(ISNUMBER(AJ15),1000000*AJ15/(24*60*60*1000),"n/a") -> n/a | AL15: =IF(ISNUMBER(AJ15),250+AJ15/24/60/60/250,"n/a") -> n/a | AM15: =IF(ISBLANK('Deployment Log'!AF15),"n/a",DEGREES(ATAN2('Deployment Log'!AF15,SQRT('Deployment Log'!AG15^2 + 'Deployment Log'!AH15^2)))) -> n/a | AN15: =IF(ISBLANK('Recovery Log'!P15),"n/a",DEGREES(ATAN2('Recovery Log'!P15,SQRT('Recovery Log'!Q15^2 + 'Recovery Log'!R15^2)))) -> n/a | AO15: =IF(AND(ISNUMBER(D15),ISNUMBER(E15)),(E15-D15)*24*60,"n/a") -> n/a | AP15: =IF(AND(ISNUMBER(G15),ISNUMBER(H15)),(H15-G15)*24*60,"n/a") -> n/a | AQ15: =IF(AND(ISNUMBER(G15),ISNUMBER('Recovery Log'!K15)),(G15-'Recovery Log'!K15)*24*60,"n/a") -> n/a | AR15: =IF(AND(ISNUMBER(H15),ISNUMBER(I15)),(I15-H15)*24*60,"n/a") -> n/a | AS15: =IF(AND(ISNUMBER('Recovery Log'!I15),ISNUMBER('Recovery Log'!N15)),('Recovery Log'!N15-'Recovery Log'!I15)*24*60,"n/a") -> n/a | AT15: =IF(ISNUMBER(AO15),O15/AO15,"n/a") -> n/a | AU15: =IF(ISNUMBER(AP15),O15/AP15,"n/a") -> n/a
... A22: ='Deployment Log'!A22 -> 0 | B22: ='Deployment Log'!S22 -> 0 | C22: ='Deployment Log'!T22 -> 0 | D22: =IF('Deployment Log'!N22>DATE(2021,8,1),'Deployment Log'!N22,"n/a") -> n/a | E22: =IF('Deployment Log'!O22>DATE(2021,8,1),'Deployment Log'!O22,"n/a") -> n/a | F22: =IF('Deployment Log'!P22>DATE(2021,8,1),'Deployment Log'!P22,"n/a") -> n/a | G22: =IF('Recovery Log'!L22>DATE(2021,8,1),'Recovery Log'!L22,"n/a") -> n/a | H22: =IF('Recovery Log'!M22>DATE(2021,8,1),'Recovery Log'!M22,"n/a") -> n/a | I22: =IF(MIN('Recovery Log'!N22:O22)>DATE(2021,8,1),MIN('Recovery Log'!N22:O22),"n/a") -> n/a | J22: ='Deployment Log'!B22 -> 0 | K22: ='Deployment Log'!C22 -> 0 | L22: ='Deployment Log'!D22 -> 0 | M22: ='Deployment Log'!I22 -> 0 | N22: ='Deployment Log'!J22 -> 0 | O22: ='Deployment Log'!K22 -> 0 | P22: ='Deployment Log'!L22 | U22: =IF(ISBLANK(Q22),"",2*6370*ASIN(SQRT(SIN(RADIANS(Q22-M22)/2)*SIN(RADIANS(Q22-M22)/2) + COS(RADIANS(Q22))*COS(RADIANS(M22))*SIN(RADIANS(R22-N22)/2)*SIN(RADIANS(R22-N22)/2)))*1000) | V22: =ABS(U22/S22) -> #VALUE! | W22: =IF(ISBLANK(Q22),"",MOD(DEGREES(ATAN2(COS(RADIANS(M22))*SIN(RADIANS(Q22)) - SIN(RADIANS(M22))*COS(RADIANS(Q22))*COS(RADIANS(R22-N22)),COS(RADIANS(Q22))*SIN(RADIANS(R22-N22)))) + 360, 360)) | X22: =IF('Recovery Log'!V22="","",'Recovery Log'!V22) | Y22: =IF('Recovery Log'!W22="","",'Recovery Log'!W22) | Z22: ='Recovery Log'!X22 | AA22: =IF(ISBLANK(Q22),"",MOD(DEGREES(ATAN2(COS(RADIANS(Q22))*SIN(RADIANS(X22)) - SIN(RADIANS(Q22))*COS(RADIANS(X22))*COS(RADIANS(Y22-R22)),COS(RADIANS(X22))*SIN(RADIANS(Y22-R22)))) + 360, 360)) | AB22: =IF('Recovery Log'!Y22="","",'Recovery Log'!Y22) | AC22: =IF('Recovery Log'!Z22="","",'Recovery Log'!Z22) | AD22: ='Recovery Log'!AA22 | AF22: =IF(ISBLANK(Q22),"",2*6370*ASIN(SQRT(SIN(RADIANS(Q22-J22)/2)*SIN(RADIANS(Q22-J22)/2) + COS(RADIANS(Q22))*COS(RADIANS(J22))*SIN(RADIANS(R22-K22)/2)*SIN(RADIANS(R22-K22)/2)))*1000) | AG22: =IF(ISBLANK(Q22),"",MOD(DEGREES(ATAN2(COS(RADIANS(J22))*SIN(RADIANS(Q22)) - SIN(RADIANS(J22))*COS(RADIANS(Q22))*COS(RADIANS(R22-K22)),COS(RADIANS(Q22))*SIN(RADIANS(R22-K22)))) + 360, 360)) | AH22: =IF('Recovery Log'!O22>'Deployment Log'!M22,'Recovery Log'!O22-'Deployment Log'!M22,"n/a") -> n/a | AI22: =IF(AND(ISNUMBER(G22),ISNUMBER(E22)),G22-E22,"n/a") -> n/a | AJ22: =IF(ISNUMBER(AH22),'Recovery Log'!AC22/AH22,"n/a") -> n/a | AK22: =IF(ISNUMBER(AJ22),1000000*AJ22/(24*60*60*1000),"n/a") -> n/a | AL22: =IF(ISNUMBER(AJ22),250+AJ22/24/60/60/250,"n/a") -> n/a | AM22: =IF(ISBLANK('Deployment Log'!AF22),"n/a",DEGREES(ATAN2('Deployment Log'!AF22,SQRT('Deployment Log'!AG22^2 + 'Deployment Log'!AH22^2)))) -> n/a | AN22: =IF(ISBLANK('Recovery Log'!P22),"n/a",DEGREES(ATAN2('Recovery Log'!P22,SQRT('Recovery Log'!Q22^2 + 'Recovery Log'!R22^2)))) -> n/a | AO22: =IF(AND(ISNUMBER(D22),ISNUMBER(E22)),(E22-D22)*24*60,"n/a") -> n/a | AP22: =IF(AND(ISNUMBER(G22),ISNUMBER(H22)),(H22-G22)*24*60,"n/a") -> n/a | AQ22: =IF(AND(ISNUMBER(G22),ISNUMBER('Recovery Log'!K22)),(G22-'Recovery Log'!K22)*24*60,"n/a") -> n/a | AR22: =IF(AND(ISNUMBER(H22),ISNUMBER(I22)),(I22-H22)*24*60,"n/a") -> n/a | AS22: =IF(AND(ISNUMBER('Recovery Log'!I22),ISNUMBER('Recovery Log'!N22)),('Recovery Log'!N22-'Recovery Log'!I22)*24*60,"n/a") -> n/a | AT22: =IF(ISNUMBER(AO22),O22/AO22,"n/a") -> n/a | AU22: =IF(ISNUMBER(AP22),O22/AP22,"n/a") -> n/a
A23: ='Deployment Log'!A23 -> 0 | B23: ='Deployment Log'!S23 -> 0 | C23: ='Deployment Log'!T23 -> 0 | D23: =IF('Deployment Log'!N23>DATE(2021,8,1),'Deployment Log'!N23,"n/a") -> n/a | E23: =IF('Deployment Log'!O23>DATE(2021,8,1),'Deployment Log'!O23,"n/a") -> n/a | F23: =IF('Deployment Log'!P23>DATE(2021,8,1),'Deployment Log'!P23,"n/a") -> n/a | G23: =IF('Recovery Log'!L23>DATE(2021,8,1),'Recovery Log'!L23,"n/a") -> n/a | H23: =IF('Recovery Log'!M23>DATE(2021,8,1),'Recovery Log'!M23,"n/a") -> n/a | I23: =IF(MIN('Recovery Log'!N23:O23)>DATE(2021,8,1),MIN('Recovery Log'!N23:O23),"n/a") -> n/a | J23: ='Deployment Log'!B23 -> 0 | K23: ='Deployment Log'!C23 -> 0 | L23: ='Deployment Log'!D23 -> 0 | M23: ='Deployment Log'!I23 -> 0 | N23: ='Deployment Log'!J23 -> 0 | O23: ='Deployment Log'!K23 -> 0 | P23: ='Deployment Log'!L23 | U23: =IF(ISBLANK(Q23),"",2*6370*ASIN(SQRT(SIN(RADIANS(Q23-M23)/2)*SIN(RADIANS(Q23-M23)/2) + COS(RADIANS(Q23))*COS(RADIANS(M23))*SIN(RADIANS(R23-N23)/2)*SIN(RADIANS(R23-N23)/2)))*1000) | V23: =ABS(U23/S23) -> #VALUE! | W23: =IF(ISBLANK(Q23),"",MOD(DEGREES(ATAN2(COS(RADIANS(M23))*SIN(RADIANS(Q23)) - SIN(RADIANS(M23))*COS(RADIANS(Q23))*COS(RADIANS(R23-N23)),COS(RADIANS(Q23))*SIN(RADIANS(R23-N23)))) + 360, 360)) | X23: =IF('Recovery Log'!V23="","",'Recovery Log'!V23) | Y23: =IF('Recovery Log'!W23="","",'Recovery Log'!W23) | AA23: =IF(ISBLANK(Q23),"",MOD(DEGREES(ATAN2(COS(RADIANS(Q23))*SIN(RADIANS(X23)) - SIN(RADIANS(Q23))*COS(RADIANS(X23))*COS(RADIANS(Y23-R23)),COS(RADIANS(X23))*SIN(RADIANS(Y23-R23)))) + 360, 360)) | AB23: =IF('Recovery Log'!Y23="","",'Recovery Log'!Y23) | AC23: =IF('Recovery Log'!Z23="","",'Recovery Log'!Z23) | AF23: =IF(ISBLANK(Q23),"",2*6370*ASIN(SQRT(SIN(RADIANS(Q23-J23)/2)*SIN(RADIANS(Q23-J23)/2) + COS(RADIANS(Q23))*COS(RADIANS(J23))*SIN(RADIANS(R23-K23)/2)*SIN(RADIANS(R23-K23)/2)))*1000) | AG23: =IF(ISBLANK(Q23),"",MOD(DEGREES(ATAN2(COS(RADIANS(J23))*SIN(RADIANS(Q23)) - SIN(RADIANS(J23))*COS(RADIANS(Q23))*COS(RADIANS(R23-K23)),COS(RADIANS(Q23))*SIN(RADIANS(R23-K23)))) + 360, 360)) | AH23: =IF('Recovery Log'!O23>'Deployment Log'!M23,'Recovery Log'!O23-'Deployment Log'!M23,"n/a") -> n/a | AI23: =IF(AND(ISNUMBER(G23),ISNUMBER(E23)),G23-E23,"n/a") -> n/a | AJ23: =IF(ISNUMBER(AH23),'Recovery Log'!AC23/AH23,"n/a") -> n/a | AK23: =IF(ISNUMBER(AJ23),1000000*AJ23/(24*60*60*1000),"n/a") -> n/a | AL23: =IF(ISNUMBER(AJ23),250+AJ23/24/60/60/250,"n/a") -> n/a | AM23: =IF(ISBLANK('Deployment Log'!AF23),"n/a",DEGREES(ATAN2('Deployment Log'!AF23,SQRT('Deployment Log'!AG23^2 + 'Deployment Log'!AH23^2)))) -> n/a | AN23: =IF(ISBLANK('Recovery Log'!P23),"n/a",DEGREES(ATAN2('Recovery Log'!P23,SQRT('Recovery Log'!Q23^2 + 'Recovery Log'!R23^2)))) -> n/a | AO23: =IF(AND(ISNUMBER(D23),ISNUMBER(E23)),(E23-D23)*24*60,"n/a") -> n/a | AP23: =IF(AND(ISNUMBER(G23),ISNUMBER(H23)),(H23-G23)*24*60,"n/a") -> n/a | AQ23: =IF(AND(ISNUMBER(G23),ISNUMBER('Recovery Log'!K23)),(G23-'Recovery Log'!K23)*24*60,"n/a") -> n/a | AR23: =IF(AND(ISNUMBER(H23),ISNUMBER(I23)),(I23-H23)*24*60,"n/a") -> n/a | AS23: =IF(AND(ISNUMBER('Recovery Log'!I23),ISNUMBER('Recovery Log'!N23)),('Recovery Log'!N23-'Recovery Log'!I23)*24*60,"n/a") -> n/a | AT23: =IF(ISNUMBER(AO23),O23/AO23,"n/a") -> n/a | AU23: =IF(ISNUMBER(AP23),O23/AP23,"n/a") -> n/a

Sheet Deployment Log
A1: Station Name | B1: Planned Location | I1: Actual Launch Location | M1: Date/Time (UTC) | S1: OBS | U1: Firmware Versions | W1: Acoustic Modem | Y1: Beacons | AB1: Battery SOC | AC1: Burn-wire Batch | AD1: Burn-wire Test Voltage | AF1: MEMS Accelerometer | AI1: Magnetometer | AL1: Technician(s) Responsible | AN1: Comments
B2: Latitude | C2: Longitude | D2: Depth (m) | E2: Latitude Degrees | F2: Latitude Minutes | G2: Longitude Degrees | H2: Longitude Minutes | I2: Latitude | J2: Longitude | K2: Depth (m) | L2: Distance from Planned (km) | M2: Recording Start | N2: Launch | O2: On Seafloor | P2: Survey Start | Q2: Survey End | R2: Programmed Release | S2: Name | T2: Serial | U2: Minimus | V2: Femtomus | W2: Address | X2: UID | Y2: Apollo S/N | Z2: VHF S/N | AA2: VHF frequency (MHz) | AB2: % | AD2: Widget | AE2: Dunker | AF2: Z | AG2: N | AH2: E | AI2: Z | AJ2: N | AK2: E | AL2: Programming | AM2: Survey
A3: Station | B3: Planned Latitude | C3: Planned Longitude | D3: Planned Depth (m) | E3: Latitude Degrees | F3: Latitude Minutes | G3: Longitude Degrees | H3: Longitude Minutes | I3: Launch Latitude | J3: Launch Longitude | K3: Water Depth at Launch (m) | L3: Distance Launch from Planned (km) | M3: Recording Start Date/Time (UTC) | N3: Launch Date/Time (UTC) | O3: Date/Time on Seafloor (UTC) | P3: Survey Start Date/Time (UTC) | Q3: Survey End Date/Time (UTC) | R3: Programmed Release Date/Time (UTC) | S3: OBS Name | T3: OBS ID | U3: Minimus Firmware | V3: Femtomus Firmware | W3: Acoustic Modem Address | X3: Acoustic Modem UID | Y3: Apollo S/N | Z3: XMB S/N | AA3: Radio beacon frequency (MHz) | AB3: Battery SOC at Deployment (%) | AC3: Burn-wire Batch | AD3: Burn-wire Widget Test Voltage | AE3: Burn-wire Dunker Test Voltage | AF3: AccZ | AG3: AccN | AH3: AccE | AI3: MagZ | AJ3: MagN | AK3: MagE | AL3: Programming Technician | AM3: Survey Technician | AN3: Deployment Comments
B4: =E4+F4/60 -> 0 | C4: =-(G4+H4/60) -> 0 | L4: =IF(OR(ISBLANK(B4),ISBLANK(I4)),"",2*6370*ASIN(SQRT(SIN(RADIANS(I4-B4)/2)*SIN(RADIANS(I4-B4)/2) + COS(RADIANS(I4))*COS(RADIANS(B4))*SIN(RADIANS(J4-C4)/2)*SIN(RADIANS(J4-C4)/2))))
B5: =E5+F5/60 -> 0 | C5: =-(G5+H5/60) -> 0 | L5: =IF(OR(ISBLANK(B5),ISBLANK(I5)),"",2*6370*ASIN(SQRT(SIN(RADIANS(I5-B5)/2)*SIN(RADIANS(I5-B5)/2) + COS(RADIANS(I5))*COS(RADIANS(B5))*SIN(RADIANS(J5-C5)/2)*SIN(RADIANS(J5-C5)/2))))
B6: =E6+F6/60 -> 0 | C6: =-(G6+H6/60) -> 0 | L6: =IF(OR(ISBLANK(B6),ISBLANK(I6)),"",2*6370*ASIN(SQRT(SIN(RADIANS(I6-B6)/2)*SIN(RADIANS(I6-B6)/2) + COS(RADIANS(I6))*COS(RADIANS(B6))*SIN(RADIANS(J6-C6)/2)*SIN(RADIANS(J6-C6)/2))))
B7: =E7+F7/60 -> 0 | C7: =-(G7+H7/60) -> 0 | L7: =IF(OR(ISBLANK(B7),ISBLANK(I7)),"",2*6370*ASIN(SQRT(SIN(RADIANS(I7-B7)/2)*SIN(RADIANS(I7-B7)/2) + COS(RADIANS(I7))*COS(RADIANS(B7))*SIN(RADIANS(J7-C7)/2)*SIN(RADIANS(J7-C7)/2))))
B8: =E8+F8/60 -> 0 | C8: =-(G8+H8/60) -> 0 | L8: =IF(OR(ISBLANK(B8),ISBLANK(I8)),"",2*6370*ASIN(SQRT(SIN(RADIANS(I8-B8)/2)*SIN(RADIANS(I8-B8)/2) + COS(RADIANS(I8))*COS(RADIANS(B8))*SIN(RADIANS(J8-C8)/2)*SIN(RADIANS(J8-C8)/2))))
B9: =E9+F9/60 -> 0 | C9: =-(G9+H9/60) -> 0 | L9: =IF(OR(ISBLANK(B9),ISBLANK(I9)),"",2*6370*ASIN(SQRT(SIN(RADIANS(I9-B9)/2)*SIN(RADIANS(I9-B9)/2) + COS(RADIANS(I9))*COS(RADIANS(B9))*SIN(RADIANS(J9-C9)/2)*SIN(RADIANS(J9-C9)/2))))
B10: =E10+F10/60 -> 0 | C10: =-(G10+H10/60) -> 0 | L10: =IF(OR(ISBLANK(B10),ISBLANK(I10)),"",2*6370*ASIN(SQRT(SIN(RADIANS(I10-B10)/2)*SIN(RADIANS(I10-B10)/2) + COS(RADIANS(I10))*COS(RADIANS(B10))*SIN(RADIANS(J10-C10)/2)*SIN(RADIANS(J10-C10)/2))))
B11: =E11+F11/60 -> 0 | C11: =-(G11+H11/60) -> 0 | L11: =IF(OR(ISBLANK(B11),ISBLANK(I11)),"",2*6370*ASIN(SQRT(SIN(RADIANS(I11-B11)/2)*SIN(RADIANS(I11-B11)/2) + COS(RADIANS(I11))*COS(RADIANS(B11))*SIN(RADIANS(J11-C11)/2)*SIN(RADIANS(J11-C11)/2))))
B12: =E12+F12/60 -> 0 | C12: =-(G12+H12/60) -> 0 | L12: =IF(OR(ISBLANK(B12),ISBLANK(I12)),"",2*6370*ASIN(SQRT(SIN(RADIANS(I12-B12)/2)*SIN(RADIANS(I12-B12)/2) + COS(RADIANS(I12))*COS(RADIANS(B12))*SIN(RADIANS(J12-C12)/2)*SIN(RADIANS(J12-C12)/2))))
B13: =E13+F13/60 -> 0 | C13: =-(G13+H13/60) -> 0 | L13: =IF(OR(ISBLANK(B13),ISBLANK(I13)),"",2*6370*ASIN(SQRT(SIN(RADIANS(I13-B13)/2)*SIN(RADIANS(I13-B13)/2) + COS(RADIANS(I13))*COS(RADIANS(B13))*SIN(RADIANS(J13-C13)/2)*SIN(RADIANS(J13-C13)/2))))
B14: =E14+F14/60 -> 0 | C14: =-(G14+H14/60) -> 0 | L14: =IF(OR(ISBLANK(B14),ISBLANK(I14)),"",2*6370*ASIN(SQRT(SIN(RADIANS(I14-B14)/2)*SIN(RADIANS(I14-B14)/2) + COS(RADIANS(I14))*COS(RADIANS(B14))*SIN(RADIANS(J14-C14)/2)*SIN(RADIANS(J14-C14)/2))))
B15: =E15+F15/60 -> 0 | C15: =-(G15+H15/60) -> 0 | L15: =IF(OR(ISBLANK(B15),ISBLANK(I15)),"",2*6370*ASIN(SQRT(SIN(RADIANS(I15-B15)/2)*SIN(RADIANS(I15-B15)/2) + COS(RADIANS(I15))*COS(RADIANS(B15))*SIN(RADIANS(J15-C15)/2)*SIN(RADIANS(J15-C15)/2))))
... B23: =E23+F23/60 -> 0 | C23: =-(G23+H23/60) -> 0 | L23: =IF(OR(ISBLANK(B23),ISBLANK(I23)),"",2*6370*ASIN(SQRT(SIN(RADIANS(I23-B23)/2)*SIN(RADIANS(I23-B23)/2) + COS(RADIANS(I23))*COS(RADIANS(B23))*SIN(RADIANS(J23-C23)/2)*SIN(RADIANS(J23-C23)/2))))

Sheet Recovery Log
A1: Station Name | B1: OBS Location as Deployed | E1: OBS | G1: Acoustic Modem | I1: Date/Time (UTC) | P1: MEMS Accelerometer | S1: Magnetometer | V1: First Surfacing | Y1: Recovery Location | AB1: Clock Offset (ms) | AD1: Battery SOC | AE1: Backup hard drive IDs | AF1: Technician(s) Responsible | AH1: Comments
B2: Latitude | C2: Longitude | D2: Depth (m) | E2: Name | F2: Serial | G2: Address | H2: UID | I2: On Station | J2: Acoustic contact | K2: Burn Command | L2: Released | M2: Surfacing | N2: On deck | O2: Recording stopped | P2: Z | Q2: N | R2: E | S2: Z | T2: N | U2: E | V2: Latitude | W2: Longitude | X2: Rise Drift (km) | Y2: Latitude | Z2: Longitude | AA2: Surface Drift (km) | AB2: Seafloor | AC2: On deck | AD2: % | AF2: Acoustics | AG2: On-Deck
A3: Station | B3: Deployed Latitude | C3: Deployed Longitude | D3: Water Depth (m) | E3: OBS Name | F3: OBS ID | G3: Acoustic Modem Address | H3: Acoustic Modem UID | I3: Date/Time on Station (UTC) | J3: Date/Time Acoustic Contact Established (UTC) | K3: Date/Time First Burn Command (UTC) | L3: Date/Time Released from Anchor (UTC) | M3: Surfacing Date/Time (UTC) | N3: On-Deck Date/Time (UTC) | O3: Date/Time Recording Stopped (UTC) | P3: AccZ | Q3: AccN | R3: AccE | S3: MagZ | T3: MagN | U3: MagE | V3: Surfacing Latitude | W3: Surfacing Longitude | X3: Horizontal Drift during Rise (km) | Y3: Recovery Latitude | Z3: Recovery Longitude | AA3: Drift on Surface (km) | AB3: Clock Offset at Seabed (ms) | AC3: Clock Offset on Deck (ms) | AD3: Battery SOC at Recovery (%) | AE3: Backup hard drive IDs | AF3: Acoustics Technician | AG3: Recovery Technician | AH3: Recovery Comments
A4: ='Deployment Log'!A4 -> 0 | B4: =Locations!Q4 -> 0 | C4: =Locations!R4 -> 0 | D4: =-Locations!S4 -> 0 | E4: =IF('Deployment Log'!S4="","",'Deployment Log'!S4) | F4: =IF('Deployment Log'!T4="","",'Deployment Log'!T4) | G4: =IF('Deployment Log'!W4="","",'Deployment Log'!W4) | H4: =IF('Deployment Log'!X4="","",'Deployment Log'!X4) | X4: =IF(ISBLANK(V4),"",2*6370*ASIN(SQRT(SIN(RADIANS(V4-B4)/2)*SIN(RADIANS(V4-B4)/2) + COS(RADIANS(V4))*COS(RADIANS(B4))*SIN(RADIANS(W4-C4)/2)*SIN(RADIANS(W4-C4)/2)))) | AA4: =IF(OR(ISBLANK(V4),ISBLANK(Y4)),"",2*6370*ASIN(SQRT(SIN(RADIANS(Y4-V4)/2)*SIN(RADIANS(Y4-V4)/2) + COS(RADIANS(Y4))*COS(RADIANS(V4))*SIN(RADIANS(Z4-W4)/2)*SIN(RADIANS(Z4-W4)/2))))
A5: ='Deployment Log'!A5 -> 0 | B5: =Locations!Q5 -> 0 | C5: =Locations!R5 -> 0 | D5: =-Locations!S5 -> 0 | E5: =IF('Deployment Log'!S5="","",'Deployment Log'!S5) | F5: =IF('Deployment Log'!T5="","",'Deployment Log'!T5) | G5: =IF('Deployment Log'!W5="","",'Deployment Log'!W5) | H5: =IF('Deployment Log'!X5="","",'Deployment Log'!X5) | X5: =IF(ISBLANK(V5),"",2*6370*ASIN(SQRT(SIN(RADIANS(V5-B5)/2)*SIN(RADIANS(V5-B5)/2) + COS(RADIANS(V5))*COS(RADIANS(B5))*SIN(RADIANS(W5-C5)/2)*SIN(RADIANS(W5-C5)/2)))) | AA5: =IF(OR(ISBLANK(V5),ISBLANK(Y5)),"",2*6370*ASIN(SQRT(SIN(RADIANS(Y5-V5)/2)*SIN(RADIANS(Y5-V5)/2) + COS(RADIANS(Y5))*COS(RADIANS(V5))*SIN(RADIANS(Z5-W5)/2)*SIN(RADIANS(Z5-W5)/2))))
A6: ='Deployment Log'!A6 -> 0 | B6: =Locations!Q6 -> 0 | C6: =Locations!R6 -> 0 | D6: =-Locations!S6 -> 0 | E6: =IF('Deployment Log'!S6="","",'Deployment Log'!S6) | F6: =IF('Deployment Log'!T6="","",'Deployment Log'!T6) | G6: =IF('Deployment Log'!W6="","",'Deployment Log'!W6) | H6: =IF('Deployment Log'!X6="","",'Deployment Log'!X6) | X6: =IF(ISBLANK(V6),"",2*6370*ASIN(SQRT(SIN(RADIANS(V6-B6)/2)*SIN(RADIANS(V6-B6)/2) + COS(RADIANS(V6))*COS(RADIANS(B6))*SIN(RADIANS(W6-C6)/2)*SIN(RADIANS(W6-C6)/2)))) | AA6: =IF(OR(ISBLANK(V6),ISBLANK(Y6)),"",2*6370*ASIN(SQRT(SIN(RADIANS(Y6-V6)/2)*SIN(RADIANS(Y6-V6)/2) + COS(RADIANS(Y6))*COS(RADIANS(V6))*SIN(RADIANS(Z6-W6)/2)*SIN(RADIANS(Z6-W6)/2))))
A7: ='Deployment Log'!A7 -> 0 | B7: =Locations!Q7 -> 0 | C7: =Locations!R7 -> 0 | D7: =-Locations!S7 -> 0 | E7: =IF('Deployment Log'!S7="","",'Deployment Log'!S7) | F7: =IF('Deployment Log'!T7="","",'Deployment Log'!T7) | G7: =IF('Deployment Log'!W7="","",'Deployment Log'!W7) | H7: =IF('Deployment Log'!X7="","",'Deployment Log'!X7) | X7: =IF(ISBLANK(V7),"",2*6370*ASIN(SQRT(SIN(RADIANS(V7-B7)/2)*SIN(RADIANS(V7-B7)/2) + COS(RADIANS(V7))*COS(RADIANS(B7))*SIN(RADIANS(W7-C7)/2)*SIN(RADIANS(W7-C7)/2)))) | AA7: =IF(OR(ISBLANK(V7),ISBLANK(Y7)),"",2*6370*ASIN(SQRT(SIN(RADIANS(Y7-V7)/2)*SIN(RADIANS(Y7-V7)/2) + COS(RADIANS(Y7))*COS(RADIANS(V7))*SIN(RADIANS(Z7-W7)/2)*SIN(RADIANS(Z7-W7)/2))))
A8: ='Deployment Log'!A8 -> 0 | B8: =Locations!Q8 -> 0 | C8: =Locations!R8 -> 0 | D8: =-Locations!S8 -> 0 | E8: =IF('Deployment Log'!S8="","",'Deployment Log'!S8) | F8: =IF('Deployment Log'!T8="","",'Deployment Log'!T8) | G8: =IF('Deployment Log'!W8="","",'Deployment Log'!W8) | H8: =IF('Deployment Log'!X8="","",'Deployment Log'!X8) | X8: =IF(ISBLANK(V8),"",2*6370*ASIN(SQRT(SIN(RADIANS(V8-B8)/2)*SIN(RADIANS(V8-B8)/2) + COS(RADIANS(V8))*COS(RADIANS(B8))*SIN(RADIANS(W8-C8)/2)*SIN(RADIANS(W8-C8)/2)))) | AA8: =IF(OR(ISBLANK(V8),ISBLANK(Y8)),"",2*6370*ASIN(SQRT(SIN(RADIANS(Y8-V8)/2)*SIN(RADIANS(Y8-V8)/2) + COS(RADIANS(Y8))*COS(RADIANS(V8))*SIN(RADIANS(Z8-W8)/2)*SIN(RADIANS(Z8-W8)/2))))
A9: ='Deployment Log'!A9 -> 0 | B9: =Locations!Q9 -> 0 | C9: =Locations!R9 -> 0 | D9: =-Locations!S9 -> 0 | E9: =IF('Deployment Log'!S9="","",'Deployment Log'!S9) | F9: =IF('Deployment Log'!T9="","",'Deployment Log'!T9) | G9: =IF('Deployment Log'!W9="","",'Deployment Log'!W9) | H9: =IF('Deployment Log'!X9="","",'Deployment Log'!X9) | X9: =IF(ISBLANK(V9),"",2*6370*ASIN(SQRT(SIN(RADIANS(V9-B9)/2)*SIN(RADIANS(V9-B9)/2) + COS(RADIANS(V9))*COS(RADIANS(B9))*SIN(RADIANS(W9-C9)/2)*SIN(RADIANS(W9-C9)/2)))) | AA9: =IF(OR(ISBLANK(V9),ISBLANK(Y9)),"",2*6370*ASIN(SQRT(SIN(RADIANS(Y9-V9)/2)*SIN(RADIANS(Y9-V9)/2) + COS(RADIANS(Y9))*COS(RADIANS(V9))*SIN(RADIANS(Z9-W9)/2)*SIN(RADIANS(Z9-W9)/2))))
A10: ='Deployment Log'!A10 -> 0 | B10: =Locations!Q10 -> 0 | C10: =Locations!R10 -> 0 | D10: =-Locations!S10 -> 0 | E10: =IF('Deployment Log'!S10="","",'Deployment Log'!S10) | F10: =IF('Deployment Log'!T10="","",'Deployment Log'!T10) | G10: =IF('Deployment Log'!W10="","",'Deployment Log'!W10) | H10: =IF('Deployment Log'!X10="","",'Deployment Log'!X10) | X10: =IF(ISBLANK(V10),"",2*6370*ASIN(SQRT(SIN(RADIANS(V10-B10)/2)*SIN(RADIANS(V10-B10)/2) + COS(RADIANS(V10))*COS(RADIANS(B10))*SIN(RADIANS(W10-C10)/2)*SIN(RADIANS(W10-C10)/2)))) | AA10: =IF(OR(ISBLANK(V10),ISBLANK(Y10)),"",2*6370*ASIN(SQRT(SIN(RADIANS(Y10-V10)/2)*SIN(RADIANS(Y10-V10)/2) + COS(RADIANS(Y10))*COS(RADIANS(V10))*SIN(RADIANS(Z10-W10)/2)*SIN(RADIANS(Z10-W10)/2))))
A11: ='Deployment Log'!A11 -> 0 | B11: =Locations!Q11 -> 0 | C11: =Locations!R11 -> 0 | D11: =-Locations!S11 -> 0 | E11: =IF('Deployment Log'!S11="","",'Deployment Log'!S11) | F11: =IF('Deployment Log'!T11="","",'Deployment Log'!T11) | G11: =IF('Deployment Log'!W11="","",'Deployment Log'!W11) | H11: =IF('Deployment Log'!X11="","",'Deployment Log'!X11) | X11: =IF(ISBLANK(V11),"",2*6370*ASIN(SQRT(SIN(RADIANS(V11-B11)/2)*SIN(RADIANS(V11-B11)/2) + COS(RADIANS(V11))*COS(RADIANS(B11))*SIN(RADIANS(W11-C11)/2)*SIN(RADIANS(W11-C11)/2)))) | AA11: =IF(OR(ISBLANK(V11),ISBLANK(Y11)),"",2*6370*ASIN(SQRT(SIN(RADIANS(Y11-V11)/2)*SIN(RADIANS(Y11-V11)/2) + COS(RADIANS(Y11))*COS(RADIANS(V11))*SIN(RADIANS(Z11-W11)/2)*SIN(RADIANS(Z11-W11)/2))))
A12: ='Deployment Log'!A12 -> 0 | B12: =Locations!Q12 -> 0 | C12: =Locations!R12 -> 0 | D12: =-Locations!S12 -> 0 | E12: =IF('Deployment Log'!S12="","",'Deployment Log'!S12) | F12: =IF('Deployment Log'!T12="","",'Deployment Log'!T12) | G12: =IF('Deployment Log'!W12="","",'Deployment Log'!W12) | H12: =IF('Deployment Log'!X12="","",'Deployment Log'!X12) | X12: =IF(ISBLANK(V12),"",2*6370*ASIN(SQRT(SIN(RADIANS(V12-B12)/2)*SIN(RADIANS(V12-B12)/2) + COS(RADIANS(V12))*COS(RADIANS(B12))*SIN(RADIANS(W12-C12)/2)*SIN(RADIANS(W12-C12)/2)))) | AA12: =IF(OR(ISBLANK(V12),ISBLANK(Y12)),"",2*6370*ASIN(SQRT(SIN(RADIANS(Y12-V12)/2)*SIN(RADIANS(Y12-V12)/2) + COS(RADIANS(Y12))*COS(RADIANS(V12))*SIN(RADIANS(Z12-W12)/2)*SIN(RADIANS(Z12-W12)/2))))
A13: ='Deployment Log'!A13 -> 0 | B13: =Locations!Q13 -> 0 | C13: =Locations!R13 -> 0 | D13: =-Locations!S13 -> 0 | E13: =IF('Deployment Log'!S13="","",'Deployment Log'!S13) | F13: =IF('Deployment Log'!T13="","",'Deployment Log'!T13) | G13: =IF('Deployment Log'!W13="","",'Deployment Log'!W13) | H13: =IF('Deployment Log'!X13="","",'Deployment Log'!X13) | X13: =IF(ISBLANK(V13),"",2*6370*ASIN(SQRT(SIN(RADIANS(V13-B13)/2)*SIN(RADIANS(V13-B13)/2) + COS(RADIANS(V13))*COS(RADIANS(B13))*SIN(RADIANS(W13-C13)/2)*SIN(RADIANS(W13-C13)/2)))) | AA13: =IF(OR(ISBLANK(V13),ISBLANK(Y13)),"",2*6370*ASIN(SQRT(SIN(RADIANS(Y13-V13)/2)*SIN(RADIANS(Y13-V13)/2) + COS(RADIANS(Y13))*COS(RADIANS(V13))*SIN(RADIANS(Z13-W13)/2)*SIN(RADIANS(Z13-W13)/2))))
A14: ='Deployment Log'!A14 -> 0 | B14: =Locations!Q14 -> 0 | C14: =Locations!R14 -> 0 | D14: =-Locations!S14 -> 0 | E14: =IF('Deployment Log'!S14="","",'Deployment Log'!S14) | F14: =IF('Deployment Log'!T14="","",'Deployment Log'!T14) | G14: =IF('Deployment Log'!W14="","",'Deployment Log'!W14) | H14: =IF('Deployment Log'!X14="","",'Deployment Log'!X14) | X14: =IF(ISBLANK(V14),"",2*6370*ASIN(SQRT(SIN(RADIANS(V14-B14)/2)*SIN(RADIANS(V14-B14)/2) + COS(RADIANS(V14))*COS(RADIANS(B14))*SIN(RADIANS(W14-C14)/2)*SIN(RADIANS(W14-C14)/2)))) | AA14: =IF(OR(ISBLANK(V14),ISBLANK(Y14)),"",2*6370*ASIN(SQRT(SIN(RADIANS(Y14-V14)/2)*SIN(RADIANS(Y14-V14)/2) + COS(RADIANS(Y14))*COS(RADIANS(V14))*SIN(RADIANS(Z14-W14)/2)*SIN(RADIANS(Z14-W14)/2))))
A15: ='Deployment Log'!A15 -> 0 | B15: =Locations!Q15 -> 0 | C15: =Locations!R15 -> 0 | D15: =-Locations!S15 -> 0 | E15: =IF('Deployment Log'!S15="","",'Deployment Log'!S15) | F15: =IF('Deployment Log'!T15="","",'Deployment Log'!T15) | G15: =IF('Deployment Log'!W15="","",'Deployment Log'!W15) | H15: =IF('Deployment Log'!X15="","",'Deployment Log'!X15) | X15: =IF(ISBLANK(V15),"",2*6370*ASIN(SQRT(SIN(RADIANS(V15-B15)/2)*SIN(RADIANS(V15-B15)/2) + COS(RADIANS(V15))*COS(RADIANS(B15))*SIN(RADIANS(W15-C15)/2)*SIN(RADIANS(W15-C15)/2)))) | AA15: =IF(OR(ISBLANK(V15),ISBLANK(Y15)),"",2*6370*ASIN(SQRT(SIN(RADIANS(Y15-V15)/2)*SIN(RADIANS(Y15-V15)/2) + COS(RADIANS(Y15))*COS(RADIANS(V15))*SIN(RADIANS(Z15-W15)/2)*SIN(RADIANS(Z15-W15)/2))))
... A22: ='Deployment Log'!A22 -> 0 | B22: =Locations!Q22 -> 0 | C22: =Locations!R22 -> 0 | D22: =-Locations!S22 -> 0 | E22: =IF('Deployment Log'!S22="","",'Deployment Log'!S22) | F22: =IF('Deployment Log'!T22="","",'Deployment Log'!T22) | G22: =IF('Deployment Log'!W22="","",'Deployment Log'!W22) | H22: =IF('Deployment Log'!X22="","",'Deployment Log'!X22) | X22: =IF(ISBLANK(V22),"",2*6370*ASIN(SQRT(SIN(RADIANS(V22-B22)/2)*SIN(RADIANS(V22-B22)/2) + COS(RADIANS(V22))*COS(RADIANS(B22))*SIN(RADIANS(W22-C22)/2)*SIN(RADIANS(W22-C22)/2)))) | AA22: =IF(OR(ISBLANK(V22),ISBLANK(Y22)),"",2*6370*ASIN(SQRT(SIN(RADIANS(Y22-V22)/2)*SIN(RADIANS(Y22-V22)/2) + COS(RADIANS(Y22))*COS(RADIANS(V22))*SIN(RADIANS(Z22-W22)/2)*SIN(RADIANS(Z22-W22)/2))))

Sheet Summary for Recovery Ops
A1: Station Name | B1: Seafloor Location | E1: OBS | G1: Acoustic Modem | I1: Beacons | K1: Date/Time (UTC)
B2: Latitude | C2: Longitude | D2: Depth (m) | E2: Name | F2: Serial | G2: Address | H2: UID | I2: Apollo S/N | J2: VHF S/N | K2: Launch | L2: Backup Release
A3: ='Deployment Log'!A4 -> 0 | B3: =Locations!Q4 -> 0 | C3: =Locations!R4 -> 0 | D3: =-Locations!S4 -> 0 | E3: ='Deployment Log'!S4 -> 0 | F3: ='Deployment Log'!T4 -> 0 | G3: ='Deployment Log'!W4 -> 0 | H3: ='Deployment Log'!X4 -> 0 | I3: ='Deployment Log'!Y4 -> 0 | J3: ='Deployment Log'!Z4 -> 0 | K3: ='Deployment Log'!N4 -> 0 | L3: ='Deployment Log'!R4 -> 0
A4: ='Deployment Log'!A5 -> 0 | B4: =Locations!Q5 -> 0 | C4: =Locations!R5 -> 0 | D4: =-Locations!S5 -> 0 | E4: ='Deployment Log'!S5 -> 0 | F4: ='Deployment Log'!T5 -> 0 | G4: ='Deployment Log'!W5 -> 0 | H4: ='Deployment Log'!X5 -> 0 | I4: ='Deployment Log'!Y5 -> 0 | J4: ='Deployment Log'!Z5 -> 0 | K4: ='Deployment Log'!N5 -> 0 | L4: ='Deployment Log'!R5 -> 0
A5: ='Deployment Log'!A6 -> 0 | B5: =Locations!Q6 -> 0 | C5: =Locations!R6 -> 0 | D5: =-Locations!S6 -> 0 | E5: ='Deployment Log'!S6 -> 0 | F5: ='Deployment Log'!T6 -> 0 | G5: ='Deployment Log'!W6 -> 0 | H5: ='Deployment Log'!X6 -> 0 | I5: ='Deployment Log'!Y6 -> 0 | J5: ='Deployment Log'!Z6 -> 0 | K5: ='Deployment Log'!N6 -> 0 | L5: ='Deployment Log'!R6 -> 0
A6: ='Deployment Log'!A7 -> 0 | B6: =Locations!Q7 -> 0 | C6: =Locations!R7 -> 0 | D6: =-Locations!S7 -> 0 | E6: ='Deployment Log'!S7 -> 0 | F6: ='Deployment Log'!T7 -> 0 | G6: ='Deployment Log'!W7 -> 0 | H6: ='Deployment Log'!X7 -> 0 | I6: ='Deployment Log'!Y7 -> 0 | J6: ='Deployment Log'!Z7 -> 0 | K6: ='Deployment Log'!N7 -> 0 | L6: ='Deployment Log'!R7 -> 0
A7: ='Deployment Log'!A8 -> 0 | B7: =Locations!Q8 -> 0 | C7: =Locations!R8 -> 0 | D7: =-Locations!S8 -> 0 | E7: ='Deployment Log'!S8 -> 0 | F7: ='Deployment Log'!T8 -> 0 | G7: ='Deployment Log'!W8 -> 0 | H7: ='Deployment Log'!X8 -> 0 | I7: ='Deployment Log'!Y8 -> 0 | J7: ='Deployment Log'!Z8 -> 0 | K7: ='Deployment Log'!N8 -> 0 | L7: ='Deployment Log'!R8 -> 0
A8: ='Deployment Log'!A9 -> 0 | B8: =Locations!Q9 -> 0 | C8: =Locations!R9 -> 0 | D8: =-Locations!S9 -> 0 | E8: ='Deployment Log'!S9 -> 0 | F8: ='Deployment Log'!T9 -> 0 | G8: ='Deployment Log'!W9 -> 0 | H8: ='Deployment Log'!X9 -> 0 | I8: ='Deployment Log'!Y9 -> 0 | J8: ='Deployment Log'!Z9 -> 0 | K8: ='Deployment Log'!N9 -> 0 | L8: ='Deployment Log'!R9 -> 0
A9: ='Deployment Log'!A10 -> 0 | B9: =Locations!Q10 -> 0 | C9: =Locations!R10 -> 0 | D9: =-Locations!S10 -> 0 | E9: ='Deployment Log'!S10 -> 0 | F9: ='Deployment Log'!T10 -> 0 | G9: ='Deployment Log'!W10 -> 0 | H9: ='Deployment Log'!X10 -> 0 | I9: ='Deployment Log'!Y10 -> 0 | J9: ='Deployment Log'!Z10 -> 0 | K9: ='Deployment Log'!N10 -> 0 | L9: ='Deployment Log'!R10 -> 0
A10: ='Deployment Log'!A11 -> 0 | B10: =Locations!Q11 -> 0 | C10: =Locations!R11 -> 0 | D10: =-Locations!S11 -> 0 | E10: ='Deployment Log'!S11 -> 0 | F10: ='Deployment Log'!T11 -> 0 | G10: ='Deployment Log'!W11 -> 0 | H10: ='Deployment Log'!X11 -> 0 | I10: ='Deployment Log'!Y11 -> 0 | J10: ='Deployment Log'!Z11 -> 0 | K10: ='Deployment Log'!N11 -> 0 | L10: ='Deployment Log'!R11 -> 0
A11: ='Deployment Log'!A12 -> 0 | B11: =Locations!Q12 -> 0 | C11: =Locations!R12 -> 0 | D11: =-Locations!S12 -> 0 | E11: ='Deployment Log'!S12 -> 0 | F11: ='Deployment Log'!T12 -> 0 | G11: ='Deployment Log'!W12 -> 0 | H11: ='Deployment Log'!X12 -> 0 | I11: ='Deployment Log'!Y12 -> 0 | J11: ='Deployment Log'!Z12 -> 0 | K11: ='Deployment Log'!N12 -> 0 | L11: ='Deployment Log'!R12 -> 0
A12: ='Deployment Log'!A13 -> 0 | B12: =Locations!Q13 -> 0 | C12: =Locations!R13 -> 0 | D12: =-Locations!S13 -> 0 | E12: ='Deployment Log'!S13 -> 0 | F12: ='Deployment Log'!T13 -> 0 | G12: ='Deployment Log'!W13 -> 0 | H12: ='Deployment Log'!X13 -> 0 | I12: ='Deployment Log'!Y13 -> 0 | J12: ='Deployment Log'!Z13 -> 0 | K12: ='Deployment Log'!N13 -> 0 | L12: ='Deployment Log'!R13 -> 0
A13: ='Deployment Log'!A14 -> 0 | B13: =Locations!Q14 -> 0 | C13: =Locations!R14 -> 0 | D13: =-Locations!S14 -> 0 | E13: ='Deployment Log'!S14 -> 0 | F13: ='Deployment Log'!T14 -> 0 | G13: ='Deployment Log'!W14 -> 0 | H13: ='Deployment Log'!X14 -> 0 | I13: ='Deployment Log'!Y14 -> 0 | J13: ='Deployment Log'!Z14 -> 0 | K13: ='Deployment Log'!N14 -> 0 | L13: ='Deployment Log'!R14 -> 0
A14: ='Deployment Log'!A15 -> 0 | B14: =Locations!Q15 -> 0 | C14: =Locations!R15 -> 0 | D14: =-Locations!S15 -> 0 | E14: ='Deployment Log'!S15 -> 0 | F14: ='Deployment Log'!T15 -> 0 | G14: ='Deployment Log'!W15 -> 0 | H14: ='Deployment Log'!X15 -> 0 | I14: ='Deployment Log'!Y15 -> 0 | J14: ='Deployment Log'!Z15 -> 0 | K14: ='Deployment Log'!N15 -> 0 | L14: ='Deployment Log'!R15 -> 0
... A21: ='Deployment Log'!A22 -> 0 | B21: =Locations!Q22 -> 0 | C21: =Locations!R22 -> 0 | D21: =-Locations!S22 -> 0 | E21: ='Deployment Log'!S22 -> 0 | F21: ='Deployment Log'!T22 -> 0 | G21: ='Deployment Log'!W22 -> 0 | H21: ='Deployment Log'!X22 -> 0 | I21: ='Deployment Log'!Y22 -> 0 | J21: ='Deployment Log'!Z22 -> 0 | K21: ='Deployment Log'!N22 -> 0 | L21: ='Deployment Log'!R22 -> 0
A23: All VHF beacons set to [] MHz

Sheet Available OBS
A1: Available Instruments
A3: OBS | F3: Beacons
A4: Name | B4: Serial | C4: Modem Address | D4: Modem UID | F4: Apollo | G4: XMB

Sheet Orientation
E1: Deployment | X1: Recovery | AQ1: Comparison
A2: Station | B2: OBS | C2: Sensitivity | E2: MEMS Accelerometer (counts) | H2: Magnetometer (counts) | K2: MEMS Accelerometer (m/s^2) | N2: Magnetometer (nT) | Q2: Tilt From Vertical (°) | R2: Max Tilt Direction | S2: Magnetic Field Vector | U2: Magnetic Field Intensity (uT) | X2: MEMS Accelerometer (counts) | AA2: Magnetometer (counts) | AD2: MEMS Accelerometer (m/s^2) | AG2: Magnetometer (nT) | AJ2: Tilt From Vertical (°) | AK2: Max Tilt Direction | AL2: Magnetic Field Vector | AN2: Magnetic Field Intensity (uT) | AQ2: Apparent Tilt Rotation
C3: Acc (counts/m/s^2) | D3: Mag (mGauss/count) | E3: Z | F3: N | G3: E | H3: Z | I3: N | J3: E | K3: Z | L3: N | M3: E | N3: Z | O3: N | P3: E | S3: Bearing | T3: Inclination | U3: Total | V3: Vertical | W3: Horizontal | X3: Z | Y3: N | Z3: E | AA3: Z | AB3: N | AC3: E | AD3: Z | AE3: N | AF3: E | AG3: Z | AH3: N | AI3: E | AL3: Bearing | AM3: Inclination | AN3: Total | AO3: Vertical | AP3: Horizontal
A4: ='Recovery Log'!A4 -> 0 | B4: ='Recovery Log'!F4 | C4: 1671.095 | D4: 0.16 | E4: ='Deployment Log'!AF4 -> 0 | F4: ='Deployment Log'!AG4 -> 0 | G4: ='Deployment Log'!AH4 -> 0 | H4: ='Deployment Log'!AI4 -> 0 | I4: ='Deployment Log'!AJ4 -> 0 | J4: ='Deployment Log'!AK4 -> 0 | K4: =IF(ISNUMBER(E4),E4/$C4,"n/a") -> 0 | L4: =IF(ISNUMBER(F4),F4/$C4,"n/a") -> 0 | M4: =IF(ISNUMBER(G4),G4/$C4,"n/a") -> 0 | N4: =IF(ISNUMBER(H4),1000000000*H4*$D4/10000000,"n/a") -> 0 | O4: =IF(ISNUMBER(I4),1000000000*I4*$D4/10000000,"n/a") -> 0 | P4: =IF(ISNUMBER(J4),1000000000*J4*$D4/10000000,"n/a") -> 0 | Q4: =IF(ISNUMBER(E4),DEGREES(ATAN2(E4,SQRT(F4^2 + G4^2))),"n/a") -> #DIV/0! | R4: =IF(ISNUMBER(F4),DEGREES(ATAN2(F4,G4))+180,"n/a") -> #DIV/0! | S4: =IF(ISNUMBER(I4),DEGREES(ATAN2(I4,J4))+IF(DEGREES(ATAN2(I4,J4))<0,360,0),"n/a") -> #DIV/0! | T4: =IF(ISNUMBER(H4),DEGREES(ATAN2(SQRT(I4^2 + J4^2),H4)),"n/a") -> #DIV/0! | U4: =IF(ISNUMBER(N4),SQRT(N4^2 + O4^2 + P4^2)/1000,"n/a") -> 0 | V4: =IF(ISNUMBER(N4),N4/1000,"n/a") -> 0 | W4: =IF(ISNUMBER(O4),SQRT(O4^2 + P4^2)/1000,"n/a") -> 0 | X4: ='Recovery Log'!P4 -> 0 | Y4: ='Recovery Log'!Q4 -> 0 | Z4: ='Recovery Log'!R4 -> 0 | AA4: ='Recovery Log'!S4 -> 0 | AB4: ='Recovery Log'!T4 -> 0 | AC4: ='Recovery Log'!U4 -> 0 | AD4: =IF(ISNUMBER(X4),X4/$C4,"n/a") -> 0 | AE4: =IF(ISNUMBER(Y4),Y4/$C4,"n/a") -> 0 | AF4: =IF(ISNUMBER(Z4),Z4/$C4,"n/a") -> 0 | AG4: =IF(ISNUMBER(AA4),1000000000*AA4*$D4/10000000,"n/a") -> 0 | AH4: =IF(ISNUMBER(AB4),1000000000*AB4*$D4/10000000,"n/a") -> 0 | AI4: =IF(ISNUMBER(AC4),1000000000*AC4*$D4/10000000,"n/a") -> 0 | AJ4: =IF(ISNUMBER(X4),DEGREES(ATAN2(X4,SQRT(Y4^2 + Z4^2))),"n/a") -> #DIV/0! | AK4: =IF(ISNUMBER(Y4),DEGREES(ATAN2(Y4,Z4))+180,"n/a") -> #DIV/0! | AL4: =IF(ISNUMBER(AB4),DEGREES(ATAN2(AB4,AC4))+IF(DEGREES(ATAN2(AB4,AC4))<0,360,0),"n/a") -> #DIV/0! | AM4: =IF(ISNUMBER(AA4),DEGREES(ATAN2(SQRT(AB4^2 + AC4^2),AA4)),"n/a") -> #DIV/0! | AN4: =IF(ISNUMBER(AG4),SQRT(AG4^2 + AH4^2 + AI4^2)/1000,"n/a") -> 0 | AO4: =IF(ISNUMBER(AG4),AG4/1000,"n/a") -> 0 | AP4: =IF(ISNUMBER(AH4),SQRT(AH4^2 + AI4^2)/1000,"n/a") -> 0 | AQ4: =DEGREES(ACOS((E4*X4+F4*Y4+G4*Z4)/(SQRT(E4^2 + F4^2 + G4^2) * SQRT(X4^2 + Y4^2 + Z4^2)))) -> #DIV/0!
A5: ='Recovery Log'!A5 -> 0 | B5: ='Recovery Log'!F5 | C5: 1671.095 | D5: 0.16 | E5: ='Deployment Log'!AF5 -> 0 | F5: ='Deployment Log'!AG5 -> 0 | G5: ='Deployment Log'!AH5 -> 0 | H5: ='Deployment Log'!AI5 -> 0 | I5: ='Deployment Log'!AJ5 -> 0 | J5: ='Deployment Log'!AK5 -> 0 | K5: =IF(ISNUMBER(E5),E5/$C5,"n/a") -> 0 | L5: =IF(ISNUMBER(F5),F5/$C5,"n/a") -> 0 | M5: =IF(ISNUMBER(G5),G5/$C5,"n/a") -> 0 | N5: =IF(ISNUMBER(H5),1000000000*H5*$D5/10000000,"n/a") -> 0 | O5: =IF(ISNUMBER(I5),1000000000*I5*$D5/10000000,"n/a") -> 0 | P5: =IF(ISNUMBER(J5),1000000000*J5*$D5/10000000,"n/a") -> 0 | Q5: =IF(ISNUMBER(E5),DEGREES(ATAN2(E5,SQRT(F5^2 + G5^2))),"n/a") -> #DIV/0! | R5: =IF(ISNUMBER(F5),DEGREES(ATAN2(F5,G5))+180,"n/a") -> #DIV/0! | S5: =IF(ISNUMBER(I5),DEGREES(ATAN2(I5,J5))+IF(DEGREES(ATAN2(I5,J5))<0,360,0),"n/a") -> #DIV/0! | T5: =IF(ISNUMBER(H5),DEGREES(ATAN2(SQRT(I5^2 + J5^2),H5)),"n/a") -> #DIV/0! | U5: =IF(ISNUMBER(N5),SQRT(N5^2 + O5^2 + P5^2)/1000,"n/a") -> 0 | V5: =IF(ISNUMBER(N5),N5/1000,"n/a") -> 0 | W5: =IF(ISNUMBER(O5),SQRT(O5^2 + P5^2)/1000,"n/a") -> 0 | X5: ='Recovery Log'!P5 -> 0 | Y5: ='Recovery Log'!Q5 -> 0 | Z5: ='Recovery Log'!R5 -> 0 | AA5: ='Recovery Log'!S5 -> 0 | AB5: ='Recovery Log'!T5 -> 0 | AC5: ='Recovery Log'!U5 -> 0 | AD5: =IF(ISNUMBER(X5),X5/$C5,"n/a") -> 0 | AE5: =IF(ISNUMBER(Y5),Y5/$C5,"n/a") -> 0 | AF5: =IF(ISNUMBER(Z5),Z5/$C5,"n/a") -> 0 | AG5: =IF(ISNUMBER(AA5),1000000000*AA5*$D5/10000000,"n/a") -> 0 | AH5: =IF(ISNUMBER(AB5),1000000000*AB5*$D5/10000000,"n/a") -> 0 | AI5: =IF(ISNUMBER(AC5),1000000000*AC5*$D5/10000000,"n/a") -> 0 | AJ5: =IF(ISNUMBER(X5),DEGREES(ATAN2(X5,SQRT(Y5^2 + Z5^2))),"n/a") -> #DIV/0! | AK5: =IF(ISNUMBER(Y5),DEGREES(ATAN2(Y5,Z5))+180,"n/a") -> #DIV/0! | AL5: =IF(ISNUMBER(AB5),DEGREES(ATAN2(AB5,AC5))+IF(DEGREES(ATAN2(AB5,AC5))<0,360,0),"n/a") -> #DIV/0! | AM5: =IF(ISNUMBER(AA5),DEGREES(ATAN2(SQRT(AB5^2 + AC5^2),AA5)),"n/a") -> #DIV/0! | AN5: =IF(ISNUMBER(AG5),SQRT(AG5^2 + AH5^2 + AI5^2)/1000,"n/a") -> 0 | AO5: =IF(ISNUMBER(AG5),AG5/1000,"n/a") -> 0 | AP5: =IF(ISNUMBER(AH5),SQRT(AH5^2 + AI5^2)/1000,"n/a") -> 0 | AQ5: =DEGREES(ACOS((E5*X5+F5*Y5+G5*Z5)/(SQRT(E5^2 + F5^2 + G5^2) * SQRT(X5^2 + Y5^2 + Z5^2)))) -> #DIV/0!
A6: ='Recovery Log'!A6 -> 0 | B6: ='Recovery Log'!F6 | C6: 1671.095 | D6: 0.16 | E6: ='Deployment Log'!AF6 -> 0 | F6: ='Deployment Log'!AG6 -> 0 | G6: ='Deployment Log'!AH6 -> 0 | H6: ='Deployment Log'!AI6 -> 0 | I6: ='Deployment Log'!AJ6 -> 0 | J6: ='Deployment Log'!AK6 -> 0 | K6: =IF(ISNUMBER(E6),E6/$C6,"n/a") -> 0 | L6: =IF(ISNUMBER(F6),F6/$C6,"n/a") -> 0 | M6: =IF(ISNUMBER(G6),G6/$C6,"n/a") -> 0 | N6: =IF(ISNUMBER(H6),1000000000*H6*$D6/10000000,"n/a") -> 0 | O6: =IF(ISNUMBER(I6),1000000000*I6*$D6/10000000,"n/a") -> 0 | P6: =IF(ISNUMBER(J6),1000000000*J6*$D6/10000000,"n/a") -> 0 | Q6: =IF(ISNUMBER(E6),DEGREES(ATAN2(E6,SQRT(F6^2 + G6^2))),"n/a") -> #DIV/0! | R6: =IF(ISNUMBER(F6),DEGREES(ATAN2(F6,G6))+180,"n/a") -> #DIV/0! | S6: =IF(ISNUMBER(I6),DEGREES(ATAN2(I6,J6))+IF(DEGREES(ATAN2(I6,J6))<0,360,0),"n/a") -> #DIV/0! | T6: =IF(ISNUMBER(H6),DEGREES(ATAN2(SQRT(I6^2 + J6^2),H6)),"n/a") -> #DIV/0! | U6: =IF(ISNUMBER(N6),SQRT(N6^2 + O6^2 + P6^2)/1000,"n/a") -> 0 | V6: =IF(ISNUMBER(N6),N6/1000,"n/a") -> 0 | W6: =IF(ISNUMBER(O6),SQRT(O6^2 + P6^2)/1000,"n/a") -> 0 | X6: ='Recovery Log'!P6 -> 0 | Y6: ='Recovery Log'!Q6 -> 0 | Z6: ='Recovery Log'!R6 -> 0 | AA6: ='Recovery Log'!S6 -> 0 | AB6: ='Recovery Log'!T6 -> 0 | AC6: ='Recovery Log'!U6 -> 0 | AD6: =IF(ISNUMBER(X6),X6/$C6,"n/a") -> 0 | AE6: =IF(ISNUMBER(Y6),Y6/$C6,"n/a") -> 0 | AF6: =IF(ISNUMBER(Z6),Z6/$C6,"n/a") -> 0 | AG6: =IF(ISNUMBER(AA6),1000000000*AA6*$D6/10000000,"n/a") -> 0 | AH6: =IF(ISNUMBER(AB6),1000000000*AB6*$D6/10000000,"n/a") -> 0 | AI6: =IF(ISNUMBER(AC6),1000000000*AC6*$D6/10000000,"n/a") -> 0 | AJ6: =IF(ISNUMBER(X6),DEGREES(ATAN2(X6,SQRT(Y6^2 + Z6^2))),"n/a") -> #DIV/0! | AK6: =IF(ISNUMBER(Y6),DEGREES(ATAN2(Y6,Z6))+180,"n/a") -> #DIV/0! | AL6: =IF(ISNUMBER(AB6),DEGREES(ATAN2(AB6,AC6))+IF(DEGREES(ATAN2(AB6,AC6))<0,360,0),"n/a") -> #DIV/0! | AM6: =IF(ISNUMBER(AA6),DEGREES(ATAN2(SQRT(AB6^2 + AC6^2),AA6)),"n/a") -> #DIV/0! | AN6: =IF(ISNUMBER(AG6),SQRT(AG6^2 + AH6^2 + AI6^2)/1000,"n/a") -> 0 | AO6: =IF(ISNUMBER(AG6),AG6/1000,"n/a") -> 0 | AP6: =IF(ISNUMBER(AH6),SQRT(AH6^2 + AI6^2)/1000,"n/a") -> 0 | AQ6: =DEGREES(ACOS((E6*X6+F6*Y6+G6*Z6)/(SQRT(E6^2 + F6^2 + G6^2) * SQRT(X6^2 + Y6^2 + Z6^2)))) -> #DIV/0!
A7: ='Recovery Log'!A7 -> 0 | B7: ='Recovery Log'!F7 | C7: 1671.095 | D7: 0.16 | E7: ='Deployment Log'!AF7 -> 0 | F7: ='Deployment Log'!AG7 -> 0 | G7: ='Deployment Log'!AH7 -> 0 | H7: ='Deployment Log'!AI7 -> 0 | I7: ='Deployment Log'!AJ7 -> 0 | J7: ='Deployment Log'!AK7 -> 0 | K7: =IF(ISNUMBER(E7),E7/$C7,"n/a") -> 0 | L7: =IF(ISNUMBER(F7),F7/$C7,"n/a") -> 0 | M7: =IF(ISNUMBER(G7),G7/$C7,"n/a") -> 0 | N7: =IF(ISNUMBER(H7),1000000000*H7*$D7/10000000,"n/a") -> 0 | O7: =IF(ISNUMBER(I7),1000000000*I7*$D7/10000000,"n/a") -> 0 | P7: =IF(ISNUMBER(J7),1000000000*J7*$D7/10000000,"n/a") -> 0 | Q7: =IF(ISNUMBER(E7),DEGREES(ATAN2(E7,SQRT(F7^2 + G7^2))),"n/a") -> #DIV/0! | R7: =IF(ISNUMBER(F7),DEGREES(ATAN2(F7,G7))+180,"n/a") -> #DIV/0! | S7: =IF(ISNUMBER(I7),DEGREES(ATAN2(I7,J7))+IF(DEGREES(ATAN2(I7,J7))<0,360,0),"n/a") -> #DIV/0! | T7: =IF(ISNUMBER(H7),DEGREES(ATAN2(SQRT(I7^2 + J7^2),H7)),"n/a") -> #DIV/0! | U7: =IF(ISNUMBER(N7),SQRT(N7^2 + O7^2 + P7^2)/1000,"n/a") -> 0 | V7: =IF(ISNUMBER(N7),N7/1000,"n/a") -> 0 | W7: =IF(ISNUMBER(O7),SQRT(O7^2 + P7^2)/1000,"n/a") -> 0 | X7: ='Recovery Log'!P7 -> 0 | Y7: ='Recovery Log'!Q7 -> 0 | Z7: ='Recovery Log'!R7 -> 0 | AA7: ='Recovery Log'!S7 -> 0 | AB7: ='Recovery Log'!T7 -> 0 | AC7: ='Recovery Log'!U7 -> 0 | AD7: =IF(ISNUMBER(X7),X7/$C7,"n/a") -> 0 | AE7: =IF(ISNUMBER(Y7),Y7/$C7,"n/a") -> 0 | AF7: =IF(ISNUMBER(Z7),Z7/$C7,"n/a") -> 0 | AG7: =IF(ISNUMBER(AA7),1000000000*AA7*$D7/10000000,"n/a") -> 0 | AH7: =IF(ISNUMBER(AB7),1000000000*AB7*$D7/10000000,"n/a") -> 0 | AI7: =IF(ISNUMBER(AC7),1000000000*AC7*$D7/10000000,"n/a") -> 0 | AJ7: =IF(ISNUMBER(X7),DEGREES(ATAN2(X7,SQRT(Y7^2 + Z7^2))),"n/a") -> #DIV/0! | AK7: =IF(ISNUMBER(Y7),DEGREES(ATAN2(Y7,Z7))+180,"n/a") -> #DIV/0! | AL7: =IF(ISNUMBER(AB7),DEGREES(ATAN2(AB7,AC7))+IF(DEGREES(ATAN2(AB7,AC7))<0,360,0),"n/a") -> #DIV/0! | AM7: =IF(ISNUMBER(AA7),DEGREES(ATAN2(SQRT(AB7^2 + AC7^2),AA7)),"n/a") -> #DIV/0! | AN7: =IF(ISNUMBER(AG7),SQRT(AG7^2 + AH7^2 + AI7^2)/1000,"n/a") -> 0 | AO7: =IF(ISNUMBER(AG7),AG7/1000,"n/a") -> 0 | AP7: =IF(ISNUMBER(AH7),SQRT(AH7^2 + AI7^2)/1000,"n/a") -> 0 | AQ7: =DEGREES(ACOS((E7*X7+F7*Y7+G7*Z7)/(SQRT(E7^2 + F7^2 + G7^2) * SQRT(X7^2 + Y7^2 + Z7^2)))) -> #DIV/0!
A8: ='Recovery Log'!A8 -> 0 | B8: ='Recovery Log'!F8 | C8: 1671.095 | D8: 0.16 | E8: ='Deployment Log'!AF8 -> 0 | F8: ='Deployment Log'!AG8 -> 0 | G8: ='Deployment Log'!AH8 -> 0 | H8: ='Deployment Log'!AI8 -> 0 | I8: ='Deployment Log'!AJ8 -> 0 | J8: ='Deployment Log'!AK8 -> 0 | K8: =IF(ISNUMBER(E8),E8/$C8,"n/a") -> 0 | L8: =IF(ISNUMBER(F8),F8/$C8,"n/a") -> 0 | M8: =IF(ISNUMBER(G8),G8/$C8,"n/a") -> 0 | N8: =IF(ISNUMBER(H8),1000000000*H8*$D8/10000000,"n/a") -> 0 | O8: =IF(ISNUMBER(I8),1000000000*I8*$D8/10000000,"n/a") -> 0 | P8: =IF(ISNUMBER(J8),1000000000*J8*$D8/10000000,"n/a") -> 0 | Q8: =IF(ISNUMBER(E8),DEGREES(ATAN2(E8,SQRT(F8^2 + G8^2))),"n/a") -> #DIV/0! | R8: =IF(ISNUMBER(F8),DEGREES(ATAN2(F8,G8))+180,"n/a") -> #DIV/0! | S8: =IF(ISNUMBER(I8),DEGREES(ATAN2(I8,J8))+IF(DEGREES(ATAN2(I8,J8))<0,360,0),"n/a") -> #DIV/0! | T8: =IF(ISNUMBER(H8),DEGREES(ATAN2(SQRT(I8^2 + J8^2),H8)),"n/a") -> #DIV/0! | U8: =IF(ISNUMBER(N8),SQRT(N8^2 + O8^2 + P8^2)/1000,"n/a") -> 0 | V8: =IF(ISNUMBER(N8),N8/1000,"n/a") -> 0 | W8: =IF(ISNUMBER(O8),SQRT(O8^2 + P8^2)/1000,"n/a") -> 0 | X8: ='Recovery Log'!P8 -> 0 | Y8: ='Recovery Log'!Q8 -> 0 | Z8: ='Recovery Log'!R8 -> 0 | AA8: ='Recovery Log'!S8 -> 0 | AB8: ='Recovery Log'!T8 -> 0 | AC8: ='Recovery Log'!U8 -> 0 | AD8: =IF(ISNUMBER(X8),X8/$C8,"n/a") -> 0 | AE8: =IF(ISNUMBER(Y8),Y8/$C8,"n/a") -> 0 | AF8: =IF(ISNUMBER(Z8),Z8/$C8,"n/a") -> 0 | AG8: =IF(ISNUMBER(AA8),1000000000*AA8*$D8/10000000,"n/a") -> 0 | AH8: =IF(ISNUMBER(AB8),1000000000*AB8*$D8/10000000,"n/a") -> 0 | AI8: =IF(ISNUMBER(AC8),1000000000*AC8*$D8/10000000,"n/a") -> 0 | AJ8: =IF(ISNUMBER(X8),DEGREES(ATAN2(X8,SQRT(Y8^2 + Z8^2))),"n/a") -> #DIV/0! | AK8: =IF(ISNUMBER(Y8),DEGREES(ATAN2(Y8,Z8))+180,"n/a") -> #DIV/0! | AL8: =IF(ISNUMBER(AB8),DEGREES(ATAN2(AB8,AC8))+IF(DEGREES(ATAN2(AB8,AC8))<0,360,0),"n/a") -> #DIV/0! | AM8: =IF(ISNUMBER(AA8),DEGREES(ATAN2(SQRT(AB8^2 + AC8^2),AA8)),"n/a") -> #DIV/0! | AN8: =IF(ISNUMBER(AG8),SQRT(AG8^2 + AH8^2 + AI8^2)/1000,"n/a") -> 0 | AO8: =IF(ISNUMBER(AG8),AG8/1000,"n/a") -> 0 | AP8: =IF(ISNUMBER(AH8),SQRT(AH8^2 + AI8^2)/1000,"n/a") -> 0 | AQ8: =DEGREES(ACOS((E8*X8+F8*Y8+G8*Z8)/(SQRT(E8^2 + F8^2 + G8^2) * SQRT(X8^2 + Y8^2 + Z8^2)))) -> #DIV/0!
A9: ='Recovery Log'!A9 -> 0 | B9: ='Recovery Log'!F9 | C9: 1671.095 | D9: 0.16 | E9: ='Deployment Log'!AF9 -> 0 | F9: ='Deployment Log'!AG9 -> 0 | G9: ='Deployment Log'!AH9 -> 0 | H9: ='Deployment Log'!AI9 -> 0 | I9: ='Deployment Log'!AJ9 -> 0 | J9: ='Deployment Log'!AK9 -> 0 | K9: =IF(ISNUMBER(E9),E9/$C9,"n/a") -> 0 | L9: =IF(ISNUMBER(F9),F9/$C9,"n/a") -> 0 | M9: =IF(ISNUMBER(G9),G9/$C9,"n/a") -> 0 | N9: =IF(ISNUMBER(H9),1000000000*H9*$D9/10000000,"n/a") -> 0 | O9: =IF(ISNUMBER(I9),1000000000*I9*$D9/10000000,"n/a") -> 0 | P9: =IF(ISNUMBER(J9),1000000000*J9*$D9/10000000,"n/a") -> 0 | Q9: =IF(ISNUMBER(E9),DEGREES(ATAN2(E9,SQRT(F9^2 + G9^2))),"n/a") -> #DIV/0! | R9: =IF(ISNUMBER(F9),DEGREES(ATAN2(F9,G9))+180,"n/a") -> #DIV/0! | S9: =IF(ISNUMBER(I9),DEGREES(ATAN2(I9,J9))+IF(DEGREES(ATAN2(I9,J9))<0,360,0),"n/a") -> #DIV/0! | T9: =IF(ISNUMBER(H9),DEGREES(ATAN2(SQRT(I9^2 + J9^2),H9)),"n/a") -> #DIV/0! | U9: =IF(ISNUMBER(N9),SQRT(N9^2 + O9^2 + P9^2)/1000,"n/a") -> 0 | V9: =IF(ISNUMBER(N9),N9/1000,"n/a") -> 0 | W9: =IF(ISNUMBER(O9),SQRT(O9^2 + P9^2)/1000,"n/a") -> 0 | X9: ='Recovery Log'!P9 -> 0 | Y9: ='Recovery Log'!Q9 -> 0 | Z9: ='Recovery Log'!R9 -> 0 | AA9: ='Recovery Log'!S9 -> 0 | AB9: ='Recovery Log'!T9 -> 0 | AC9: ='Recovery Log'!U9 -> 0 | AD9: =IF(ISNUMBER(X9),X9/$C9,"n/a") -> 0 | AE9: =IF(ISNUMBER(Y9),Y9/$C9,"n/a") -> 0 | AF9: =IF(ISNUMBER(Z9),Z9/$C9,"n/a") -> 0 | AG9: =IF(ISNUMBER(AA9),1000000000*AA9*$D9/10000000,"n/a") -> 0 | AH9: =IF(ISNUMBER(AB9),1000000000*AB9*$D9/10000000,"n/a") -> 0 | AI9: =IF(ISNUMBER(AC9),1000000000*AC9*$D9/10000000,"n/a") -> 0 | AJ9: =IF(ISNUMBER(X9),DEGREES(ATAN2(X9,SQRT(Y9^2 + Z9^2))),"n/a") -> #DIV/0! | AK9: =IF(ISNUMBER(Y9),DEGREES(ATAN2(Y9,Z9))+180,"n/a") -> #DIV/0! | AL9: =IF(ISNUMBER(AB9),DEGREES(ATAN2(AB9,AC9))+IF(DEGREES(ATAN2(AB9,AC9))<0,360,0),"n/a") -> #DIV/0! | AM9: =IF(ISNUMBER(AA9),DEGREES(ATAN2(SQRT(AB9^2 + AC9^2),AA9)),"n/a") -> #DIV/0! | AN9: =IF(ISNUMBER(AG9),SQRT(AG9^2 + AH9^2 + AI9^2)/1000,"n/a") -> 0 | AO9: =IF(ISNUMBER(AG9),AG9/1000,"n/a") -> 0 | AP9: =IF(ISNUMBER(AH9),SQRT(AH9^2 + AI9^2)/1000,"n/a") -> 0 | AQ9: =DEGREES(ACOS((E9*X9+F9*Y9+G9*Z9)/(SQRT(E9^2 + F9^2 + G9^2) * SQRT(X9^2 + Y9^2 + Z9^2)))) -> #DIV/0!
A10: ='Recovery Log'!A10 -> 0 | B10: ='Recovery Log'!F10 | C10: 1671.095 | D10: 0.16 | E10: ='Deployment Log'!AF10 -> 0 | F10: ='Deployment Log'!AG10 -> 0 | G10: ='Deployment Log'!AH10 -> 0 | H10: ='Deployment Log'!AI10 -> 0 | I10: ='Deployment Log'!AJ10 -> 0 | J10: ='Deployment Log'!AK10 -> 0 | K10: =IF(ISNUMBER(E10),E10/$C10,"n/a") -> 0 | L10: =IF(ISNUMBER(F10),F10/$C10,"n/a") -> 0 | M10: =IF(ISNUMBER(G10),G10/$C10,"n/a") -> 0 | N10: =IF(ISNUMBER(H10),1000000000*H10*$D10/10000000,"n/a") -> 0 | O10: =IF(ISNUMBER(I10),1000000000*I10*$D10/10000000,"n/a") -> 0 | P10: =IF(ISNUMBER(J10),1000000000*J10*$D10/10000000,"n/a") -> 0 | Q10: =IF(ISNUMBER(E10),DEGREES(ATAN2(E10,SQRT(F10^2 + G10^2))),"n/a") -> #DIV/0! | R10: =IF(ISNUMBER(F10),DEGREES(ATAN2(F10,G10))+180,"n/a") -> #DIV/0! | S10: =IF(ISNUMBER(I10),DEGREES(ATAN2(I10,J10))+IF(DEGREES(ATAN2(I10,J10))<0,360,0),"n/a") -> #DIV/0! | T10: =IF(ISNUMBER(H10),DEGREES(ATAN2(SQRT(I10^2 + J10^2),H10)),"n/a") -> #DIV/0! | U10: =IF(ISNUMBER(N10),SQRT(N10^2 + O10^2 + P10^2)/1000,"n/a") -> 0 | V10: =IF(ISNUMBER(N10),N10/1000,"n/a") -> 0 | W10: =IF(ISNUMBER(O10),SQRT(O10^2 + P10^2)/1000,"n/a") -> 0 | X10: ='Recovery Log'!P10 -> 0 | Y10: ='Recovery Log'!Q10 -> 0 | Z10: ='Recovery Log'!R10 -> 0 | AA10: ='Recovery Log'!S10 -> 0 | AB10: ='Recovery Log'!T10 -> 0 | AC10: ='Recovery Log'!U10 -> 0 | AD10: =IF(ISNUMBER(X10),X10/$C10,"n/a") -> 0 | AE10: =IF(ISNUMBER(Y10),Y10/$C10,"n/a") -> 0 | AF10: =IF(ISNUMBER(Z10),Z10/$C10,"n/a") -> 0 | AG10: =IF(ISNUMBER(AA10),1000000000*AA10*$D10/10000000,"n/a") -> 0 | AH10: =IF(ISNUMBER(AB10),1000000000*AB10*$D10/10000000,"n/a") -> 0 | AI10: =IF(ISNUMBER(AC10),1000000000*AC10*$D10/10000000,"n/a") -> 0 | AJ10: =IF(ISNUMBER(X10),DEGREES(ATAN2(X10,SQRT(Y10^2 + Z10^2))),"n/a") -> #DIV/0! | AK10: =IF(ISNUMBER(Y10),DEGREES(ATAN2(Y10,Z10))+180,"n/a") -> #DIV/0! | AL10: =IF(ISNUMBER(AB10),DEGREES(ATAN2(AB10,AC10))+IF(DEGREES(ATAN2(AB10,AC10))<0,360,0),"n/a") -> #DIV/0! | AM10: =IF(ISNUMBER(AA10),DEGREES(ATAN2(SQRT(AB10^2 + AC10^2),AA10)),"n/a") -> #DIV/0! | AN10: =IF(ISNUMBER(AG10),SQRT(AG10^2 + AH10^2 + AI10^2)/1000,"n/a") -> 0 | AO10: =IF(ISNUMBER(AG10),AG10/1000,"n/a") -> 0 | AP10: =IF(ISNUMBER(AH10),SQRT(AH10^2 + AI10^2)/1000,"n/a") -> 0 | AQ10: =DEGREES(ACOS((E10*X10+F10*Y10+G10*Z10)/(SQRT(E10^2 + F10^2 + G10^2) * SQRT(X10^2 + Y10^2 + Z10^2)))) -> #DIV/0!
A11: ='Recovery Log'!A11 -> 0 | B11: ='Recovery Log'!F11 | C11: 1671.095 | D11: 0.16 | E11: ='Deployment Log'!AF11 -> 0 | F11: ='Deployment Log'!AG11 -> 0 | G11: ='Deployment Log'!AH11 -> 0 | H11: ='Deployment Log'!AI11 -> 0 | I11: ='Deployment Log'!AJ11 -> 0 | J11: ='Deployment Log'!AK11 -> 0 | K11: =IF(ISNUMBER(E11),E11/$C11,"n/a") -> 0 | L11: =IF(ISNUMBER(F11),F11/$C11,"n/a") -> 0 | M11: =IF(ISNUMBER(G11),G11/$C11,"n/a") -> 0 | N11: =IF(ISNUMBER(H11),1000000000*H11*$D11/10000000,"n/a") -> 0 | O11: =IF(ISNUMBER(I11),1000000000*I11*$D11/10000000,"n/a") -> 0 | P11: =IF(ISNUMBER(J11),1000000000*J11*$D11/10000000,"n/a") -> 0 | Q11: =IF(ISNUMBER(E11),DEGREES(ATAN2(E11,SQRT(F11^2 + G11^2))),"n/a") -> #DIV/0! | R11: =IF(ISNUMBER(F11),DEGREES(ATAN2(F11,G11))+180,"n/a") -> #DIV/0! | S11: =IF(ISNUMBER(I11),DEGREES(ATAN2(I11,J11))+IF(DEGREES(ATAN2(I11,J11))<0,360,0),"n/a") -> #DIV/0! | T11: =IF(ISNUMBER(H11),DEGREES(ATAN2(SQRT(I11^2 + J11^2),H11)),"n/a") -> #DIV/0! | U11: =IF(ISNUMBER(N11),SQRT(N11^2 + O11^2 + P11^2)/1000,"n/a") -> 0 | V11: =IF(ISNUMBER(N11),N11/1000,"n/a") -> 0 | W11: =IF(ISNUMBER(O11),SQRT(O11^2 + P11^2)/1000,"n/a") -> 0 | X11: ='Recovery Log'!P11 -> 0 | Y11: ='Recovery Log'!Q11 -> 0 | Z11: ='Recovery Log'!R11 -> 0 | AA11: ='Recovery Log'!S11 -> 0 | AB11: ='Recovery Log'!T11 -> 0 | AC11: ='Recovery Log'!U11 -> 0 | AD11: =IF(ISNUMBER(X11),X11/$C11,"n/a") -> 0 | AE11: =IF(ISNUMBER(Y11),Y11/$C11,"n/a") -> 0 | AF11: =IF(ISNUMBER(Z11),Z11/$C11,"n/a") -> 0 | AG11: =IF(ISNUMBER(AA11),1000000000*AA11*$D11/10000000,"n/a") -> 0 | AH11: =IF(ISNUMBER(AB11),1000000000*AB11*$D11/10000000,"n/a") -> 0 | AI11: =IF(ISNUMBER(AC11),1000000000*AC11*$D11/10000000,"n/a") -> 0 | AJ11: =IF(ISNUMBER(X11),DEGREES(ATAN2(X11,SQRT(Y11^2 + Z11^2))),"n/a") -> #DIV/0! | AK11: =IF(ISNUMBER(Y11),DEGREES(ATAN2(Y11,Z11))+180,"n/a") -> #DIV/0! | AL11: =IF(ISNUMBER(AB11),DEGREES(ATAN2(AB11,AC11))+IF(DEGREES(ATAN2(AB11,AC11))<0,360,0),"n/a") -> #DIV/0! | AM11: =IF(ISNUMBER(AA11),DEGREES(ATAN2(SQRT(AB11^2 + AC11^2),AA11)),"n/a") -> #DIV/0! | AN11: =IF(ISNUMBER(AG11),SQRT(AG11^2 + AH11^2 + AI11^2)/1000,"n/a") -> 0 | AO11: =IF(ISNUMBER(AG11),AG11/1000,"n/a") -> 0 | AP11: =IF(ISNUMBER(AH11),SQRT(AH11^2 + AI11^2)/1000,"n/a") -> 0 | AQ11: =DEGREES(ACOS((E11*X11+F11*Y11+G11*Z11)/(SQRT(E11^2 + F11^2 + G11^2) * SQRT(X11^2 + Y11^2 + Z11^2)))) -> #DIV/0!
A12: ='Recovery Log'!A12 -> 0 | B12: ='Recovery Log'!F12 | C12: 1671.095 | D12: 0.16 | E12: ='Deployment Log'!AF12 -> 0 | F12: ='Deployment Log'!AG12 -> 0 | G12: ='Deployment Log'!AH12 -> 0 | H12: ='Deployment Log'!AI12 -> 0 | I12: ='Deployment Log'!AJ12 -> 0 | J12: ='Deployment Log'!AK12 -> 0 | K12: =IF(ISNUMBER(E12),E12/$C12,"n/a") -> 0 | L12: =IF(ISNUMBER(F12),F12/$C12,"n/a") -> 0 | M12: =IF(ISNUMBER(G12),G12/$C12,"n/a") -> 0 | N12: =IF(ISNUMBER(H12),1000000000*H12*$D12/10000000,"n/a") -> 0 | O12: =IF(ISNUMBER(I12),1000000000*I12*$D12/10000000,"n/a") -> 0 | P12: =IF(ISNUMBER(J12),1000000000*J12*$D12/10000000,"n/a") -> 0 | Q12: =IF(ISNUMBER(E12),DEGREES(ATAN2(E12,SQRT(F12^2 + G12^2))),"n/a") -> #DIV/0! | R12: =IF(ISNUMBER(F12),DEGREES(ATAN2(F12,G12))+180,"n/a") -> #DIV/0! | S12: =IF(ISNUMBER(I12),DEGREES(ATAN2(I12,J12))+IF(DEGREES(ATAN2(I12,J12))<0,360,0),"n/a") -> #DIV/0! | T12: =IF(ISNUMBER(H12),DEGREES(ATAN2(SQRT(I12^2 + J12^2),H12)),"n/a") -> #DIV/0! | U12: =IF(ISNUMBER(N12),SQRT(N12^2 + O12^2 + P12^2)/1000,"n/a") -> 0 | V12: =IF(ISNUMBER(N12),N12/1000,"n/a") -> 0 | W12: =IF(ISNUMBER(O12),SQRT(O12^2 + P12^2)/1000,"n/a") -> 0 | X12: ='Recovery Log'!P12 -> 0 | Y12: ='Recovery Log'!Q12 -> 0 | Z12: ='Recovery Log'!R12 -> 0 | AA12: ='Recovery Log'!S12 -> 0 | AB12: ='Recovery Log'!T12 -> 0 | AC12: ='Recovery Log'!U12 -> 0 | AD12: =IF(ISNUMBER(X12),X12/$C12,"n/a") -> 0 | AE12: =IF(ISNUMBER(Y12),Y12/$C12,"n/a") -> 0 | AF12: =IF(ISNUMBER(Z12),Z12/$C12,"n/a") -> 0 | AG12: =IF(ISNUMBER(AA12),1000000000*AA12*$D12/10000000,"n/a") -> 0 | AH12: =IF(ISNUMBER(AB12),1000000000*AB12*$D12/10000000,"n/a") -> 0 | AI12: =IF(ISNUMBER(AC12),1000000000*AC12*$D12/10000000,"n/a") -> 0 | AJ12: =IF(ISNUMBER(X12),DEGREES(ATAN2(X12,SQRT(Y12^2 + Z12^2))),"n/a") -> #DIV/0! | AK12: =IF(ISNUMBER(Y12),DEGREES(ATAN2(Y12,Z12))+180,"n/a") -> #DIV/0! | AL12: =IF(ISNUMBER(AB12),DEGREES(ATAN2(AB12,AC12))+IF(DEGREES(ATAN2(AB12,AC12))<0,360,0),"n/a") -> #DIV/0! | AM12: =IF(ISNUMBER(AA12),DEGREES(ATAN2(SQRT(AB12^2 + AC12^2),AA12)),"n/a") -> #DIV/0! | AN12: =IF(ISNUMBER(AG12),SQRT(AG12^2 + AH12^2 + AI12^2)/1000,"n/a") -> 0 | AO12: =IF(ISNUMBER(AG12),AG12/1000,"n/a") -> 0 | AP12: =IF(ISNUMBER(AH12),SQRT(AH12^2 + AI12^2)/1000,"n/a") -> 0 | AQ12: =DEGREES(ACOS((E12*X12+F12*Y12+G12*Z12)/(SQRT(E12^2 + F12^2 + G12^2) * SQRT(X12^2 + Y12^2 + Z12^2)))) -> #DIV/0!
A13: ='Recovery Log'!A13 -> 0 | B13: ='Recovery Log'!F13 | C13: 1671.095 | D13: 0.16 | E13: ='Deployment Log'!AF13 -> 0 | F13: ='Deployment Log'!AG13 -> 0 | G13: ='Deployment Log'!AH13 -> 0 | H13: ='Deployment Log'!AI13 -> 0 | I13: ='Deployment Log'!AJ13 -> 0 | J13: ='Deployment Log'!AK13 -> 0 | K13: =IF(ISNUMBER(E13),E13/$C13,"n/a") -> 0 | L13: =IF(ISNUMBER(F13),F13/$C13,"n/a") -> 0 | M13: =IF(ISNUMBER(G13),G13/$C13,"n/a") -> 0 | N13: =IF(ISNUMBER(H13),1000000000*H13*$D13/10000000,"n/a") -> 0 | O13: =IF(ISNUMBER(I13),1000000000*I13*$D13/10000000,"n/a") -> 0 | P13: =IF(ISNUMBER(J13),1000000000*J13*$D13/10000000,"n/a") -> 0 | Q13: =IF(ISNUMBER(E13),DEGREES(ATAN2(E13,SQRT(F13^2 + G13^2))),"n/a") -> #DIV/0! | R13: =IF(ISNUMBER(F13),DEGREES(ATAN2(F13,G13))+180,"n/a") -> #DIV/0! | S13: =IF(ISNUMBER(I13),DEGREES(ATAN2(I13,J13))+IF(DEGREES(ATAN2(I13,J13))<0,360,0),"n/a") -> #DIV/0! | T13: =IF(ISNUMBER(H13),DEGREES(ATAN2(SQRT(I13^2 + J13^2),H13)),"n/a") -> #DIV/0! | U13: =IF(ISNUMBER(N13),SQRT(N13^2 + O13^2 + P13^2)/1000,"n/a") -> 0 | V13: =IF(ISNUMBER(N13),N13/1000,"n/a") -> 0 | W13: =IF(ISNUMBER(O13),SQRT(O13^2 + P13^2)/1000,"n/a") -> 0 | X13: ='Recovery Log'!P13 -> 0 | Y13: ='Recovery Log'!Q13 -> 0 | Z13: ='Recovery Log'!R13 -> 0 | AA13: ='Recovery Log'!S13 -> 0 | AB13: ='Recovery Log'!T13 -> 0 | AC13: ='Recovery Log'!U13 -> 0 | AD13: =IF(ISNUMBER(X13),X13/$C13,"n/a") -> 0 | AE13: =IF(ISNUMBER(Y13),Y13/$C13,"n/a") -> 0 | AF13: =IF(ISNUMBER(Z13),Z13/$C13,"n/a") -> 0 | AG13: =IF(ISNUMBER(AA13),1000000000*AA13*$D13/10000000,"n/a") -> 0 | AH13: =IF(ISNUMBER(AB13),1000000000*AB13*$D13/10000000,"n/a") -> 0 | AI13: =IF(ISNUMBER(AC13),1000000000*AC13*$D13/10000000,"n/a") -> 0 | AJ13: =IF(ISNUMBER(X13),DEGREES(ATAN2(X13,SQRT(Y13^2 + Z13^2))),"n/a") -> #DIV/0! | AK13: =IF(ISNUMBER(Y13),DEGREES(ATAN2(Y13,Z13))+180,"n/a") -> #DIV/0! | AL13: =IF(ISNUMBER(AB13),DEGREES(ATAN2(AB13,AC13))+IF(DEGREES(ATAN2(AB13,AC13))<0,360,0),"n/a") -> #DIV/0! | AM13: =IF(ISNUMBER(AA13),DEGREES(ATAN2(SQRT(AB13^2 + AC13^2),AA13)),"n/a") -> #DIV/0! | AN13: =IF(ISNUMBER(AG13),SQRT(AG13^2 + AH13^2 + AI13^2)/1000,"n/a") -> 0 | AO13: =IF(ISNUMBER(AG13),AG13/1000,"n/a") -> 0 | AP13: =IF(ISNUMBER(AH13),SQRT(AH13^2 + AI13^2)/1000,"n/a") -> 0 | AQ13: =DEGREES(ACOS((E13*X13+F13*Y13+G13*Z13)/(SQRT(E13^2 + F13^2 + G13^2) * SQRT(X13^2 + Y13^2 + Z13^2)))) -> #DIV/0!
A14: ='Recovery Log'!A14 -> 0 | B14: ='Recovery Log'!F14 | C14: 1671.095 | D14: 0.16 | E14: ='Deployment Log'!AF14 -> 0 | F14: ='Deployment Log'!AG14 -> 0 | G14: ='Deployment Log'!AH14 -> 0 | H14: ='Deployment Log'!AI14 -> 0 | I14: ='Deployment Log'!AJ14 -> 0 | J14: ='Deployment Log'!AK14 -> 0 | K14: =IF(ISNUMBER(E14),E14/$C14,"n/a") -> 0 | L14: =IF(ISNUMBER(F14),F14/$C14,"n/a") -> 0 | M14: =IF(ISNUMBER(G14),G14/$C14,"n/a") -> 0 | N14: =IF(ISNUMBER(H14),1000000000*H14*$D14/10000000,"n/a") -> 0 | O14: =IF(ISNUMBER(I14),1000000000*I14*$D14/10000000,"n/a") -> 0 | P14: =IF(ISNUMBER(J14),1000000000*J14*$D14/10000000,"n/a") -> 0 | Q14: =IF(ISNUMBER(E14),DEGREES(ATAN2(E14,SQRT(F14^2 + G14^2))),"n/a") -> #DIV/0! | R14: =IF(ISNUMBER(F14),DEGREES(ATAN2(F14,G14))+180,"n/a") -> #DIV/0! | S14: =IF(ISNUMBER(I14),DEGREES(ATAN2(I14,J14))+IF(DEGREES(ATAN2(I14,J14))<0,360,0),"n/a") -> #DIV/0! | T14: =IF(ISNUMBER(H14),DEGREES(ATAN2(SQRT(I14^2 + J14^2),H14)),"n/a") -> #DIV/0! | U14: =IF(ISNUMBER(N14),SQRT(N14^2 + O14^2 + P14^2)/1000,"n/a") -> 0 | V14: =IF(ISNUMBER(N14),N14/1000,"n/a") -> 0 | W14: =IF(ISNUMBER(O14),SQRT(O14^2 + P14^2)/1000,"n/a") -> 0 | X14: ='Recovery Log'!P14 -> 0 | Y14: ='Recovery Log'!Q14 -> 0 | Z14: ='Recovery Log'!R14 -> 0 | AA14: ='Recovery Log'!S14 -> 0 | AB14: ='Recovery Log'!T14 -> 0 | AC14: ='Recovery Log'!U14 -> 0 | AD14: =IF(ISNUMBER(X14),X14/$C14,"n/a") -> 0 | AE14: =IF(ISNUMBER(Y14),Y14/$C14,"n/a") -> 0 | AF14: =IF(ISNUMBER(Z14),Z14/$C14,"n/a") -> 0 | AG14: =IF(ISNUMBER(AA14),1000000000*AA14*$D14/10000000,"n/a") -> 0 | AH14: =IF(ISNUMBER(AB14),1000000000*AB14*$D14/10000000,"n/a") -> 0 | AI14: =IF(ISNUMBER(AC14),1000000000*AC14*$D14/10000000,"n/a") -> 0 | AJ14: =IF(ISNUMBER(X14),DEGREES(ATAN2(X14,SQRT(Y14^2 + Z14^2))),"n/a") -> #DIV/0! | AK14: =IF(ISNUMBER(Y14),DEGREES(ATAN2(Y14,Z14))+180,"n/a") -> #DIV/0! | AL14: =IF(ISNUMBER(AB14),DEGREES(ATAN2(AB14,AC14))+IF(DEGREES(ATAN2(AB14,AC14))<0,360,0),"n/a") -> #DIV/0! | AM14: =IF(ISNUMBER(AA14),DEGREES(ATAN2(SQRT(AB14^2 + AC14^2),AA14)),"n/a") -> #DIV/0! | AN14: =IF(ISNUMBER(AG14),SQRT(AG14^2 + AH14^2 + AI14^2)/1000,"n/a") -> 0 | AO14: =IF(ISNUMBER(AG14),AG14/1000,"n/a") -> 0 | AP14: =IF(ISNUMBER(AH14),SQRT(AH14^2 + AI14^2)/1000,"n/a") -> 0 | AQ14: =DEGREES(ACOS((E14*X14+F14*Y14+G14*Z14)/(SQRT(E14^2 + F14^2 + G14^2) * SQRT(X14^2 + Y14^2 + Z14^2)))) -> #DIV/0!
A15: ='Recovery Log'!A15 -> 0 | B15: ='Recovery Log'!F15 | C15: 1671.095 | D15: 0.16 | E15: ='Deployment Log'!AF15 -> 0 | F15: ='Deployment Log'!AG15 -> 0 | G15: ='Deployment Log'!AH15 -> 0 | H15: ='Deployment Log'!AI15 -> 0 | I15: ='Deployment Log'!AJ15 -> 0 | J15: ='Deployment Log'!AK15 -> 0 | K15: =IF(ISNUMBER(E15),E15/$C15,"n/a") -> 0 | L15: =IF(ISNUMBER(F15),F15/$C15,"n/a") -> 0 | M15: =IF(ISNUMBER(G15),G15/$C15,"n/a") -> 0 | N15: =IF(ISNUMBER(H15),1000000000*H15*$D15/10000000,"n/a") -> 0 | O15: =IF(ISNUMBER(I15),1000000000*I15*$D15/10000000,"n/a") -> 0 | P15: =IF(ISNUMBER(J15),1000000000*J15*$D15/10000000,"n/a") -> 0 | Q15: =IF(ISNUMBER(E15),DEGREES(ATAN2(E15,SQRT(F15^2 + G15^2))),"n/a") -> #DIV/0! | R15: =IF(ISNUMBER(F15),DEGREES(ATAN2(F15,G15))+180,"n/a") -> #DIV/0! | S15: =IF(ISNUMBER(I15),DEGREES(ATAN2(I15,J15))+IF(DEGREES(ATAN2(I15,J15))<0,360,0),"n/a") -> #DIV/0! | T15: =IF(ISNUMBER(H15),DEGREES(ATAN2(SQRT(I15^2 + J15^2),H15)),"n/a") -> #DIV/0! | U15: =IF(ISNUMBER(N15),SQRT(N15^2 + O15^2 + P15^2)/1000,"n/a") -> 0 | V15: =IF(ISNUMBER(N15),N15/1000,"n/a") -> 0 | W15: =IF(ISNUMBER(O15),SQRT(O15^2 + P15^2)/1000,"n/a") -> 0 | X15: ='Recovery Log'!P15 -> 0 | Y15: ='Recovery Log'!Q15 -> 0 | Z15: ='Recovery Log'!R15 -> 0 | AA15: ='Recovery Log'!S15 -> 0 | AB15: ='Recovery Log'!T15 -> 0 | AC15: ='Recovery Log'!U15 -> 0 | AD15: =IF(ISNUMBER(X15),X15/$C15,"n/a") -> 0 | AE15: =IF(ISNUMBER(Y15),Y15/$C15,"n/a") -> 0 | AF15: =IF(ISNUMBER(Z15),Z15/$C15,"n/a") -> 0 | AG15: =IF(ISNUMBER(AA15),1000000000*AA15*$D15/10000000,"n/a") -> 0 | AH15: =IF(ISNUMBER(AB15),1000000000*AB15*$D15/10000000,"n/a") -> 0 | AI15: =IF(ISNUMBER(AC15),1000000000*AC15*$D15/10000000,"n/a") -> 0 | AJ15: =IF(ISNUMBER(X15),DEGREES(ATAN2(X15,SQRT(Y15^2 + Z15^2))),"n/a") -> #DIV/0! | AK15: =IF(ISNUMBER(Y15),DEGREES(ATAN2(Y15,Z15))+180,"n/a") -> #DIV/0! | AL15: =IF(ISNUMBER(AB15),DEGREES(ATAN2(AB15,AC15))+IF(DEGREES(ATAN2(AB15,AC15))<0,360,0),"n/a") -> #DIV/0! | AM15: =IF(ISNUMBER(AA15),DEGREES(ATAN2(SQRT(AB15^2 + AC15^2),AA15)),"n/a") -> #DIV/0! | AN15: =IF(ISNUMBER(AG15),SQRT(AG15^2 + AH15^2 + AI15^2)/1000,"n/a") -> 0 | AO15: =IF(ISNUMBER(AG15),AG15/1000,"n/a") -> 0 | AP15: =IF(ISNUMBER(AH15),SQRT(AH15^2 + AI15^2)/1000,"n/a") -> 0 | AQ15: =DEGREES(ACOS((E15*X15+F15*Y15+G15*Z15)/(SQRT(E15^2 + F15^2 + G15^2) * SQRT(X15^2 + Y15^2 + Z15^2)))) -> #DIV/0!
... A22: ='Recovery Log'!A22 -> 0 | B22: ='Recovery Log'!F22 | C22: 1671.095 | D22: 0.16 | E22: ='Deployment Log'!AF22 -> 0 | F22: ='Deployment Log'!AG22 -> 0 | G22: ='Deployment Log'!AH22 -> 0 | H22: ='Deployment Log'!AI22 -> 0 | I22: ='Deployment Log'!AJ22 -> 0 | J22: ='Deployment Log'!AK22 -> 0 | K22: =IF(ISNUMBER(E22),E22/$C22,"n/a") -> 0 | L22: =IF(ISNUMBER(F22),F22/$C22,"n/a") -> 0 | M22: =IF(ISNUMBER(G22),G22/$C22,"n/a") -> 0 | N22: =IF(ISNUMBER(H22),1000000000*H22*$D22/10000000,"n/a") -> 0 | O22: =IF(ISNUMBER(I22),1000000000*I22*$D22/10000000,"n/a") -> 0 | P22: =IF(ISNUMBER(J22),1000000000*J22*$D22/10000000,"n/a") -> 0 | Q22: =IF(ISNUMBER(E22),DEGREES(ATAN2(E22,SQRT(F22^2 + G22^2))),"n/a") -> #DIV/0! | R22: =IF(ISNUMBER(F22),DEGREES(ATAN2(F22,G22))+180,"n/a") -> #DIV/0! | S22: =IF(ISNUMBER(I22),DEGREES(ATAN2(I22,J22))+IF(DEGREES(ATAN2(I22,J22))<0,360,0),"n/a") -> #DIV/0! | T22: =IF(ISNUMBER(H22),DEGREES(ATAN2(SQRT(I22^2 + J22^2),H22)),"n/a") -> #DIV/0! | U22: =IF(ISNUMBER(N22),SQRT(N22^2 + O22^2 + P22^2)/1000,"n/a") -> 0 | V22: =IF(ISNUMBER(N22),N22/1000,"n/a") -> 0 | W22: =IF(ISNUMBER(O22),SQRT(O22^2 + P22^2)/1000,"n/a") -> 0 | X22: ='Recovery Log'!P22 -> 0 | Y22: ='Recovery Log'!Q22 -> 0 | Z22: ='Recovery Log'!R22 -> 0 | AA22: ='Recovery Log'!S22 -> 0 | AB22: ='Recovery Log'!T22 -> 0 | AC22: ='Recovery Log'!U22 -> 0 | AD22: =IF(ISNUMBER(X22),X22/$C22,"n/a") -> 0 | AE22: =IF(ISNUMBER(Y22),Y22/$C22,"n/a") -> 0 | AF22: =IF(ISNUMBER(Z22),Z22/$C22,"n/a") -> 0 | AG22: =IF(ISNUMBER(AA22),1000000000*AA22*$D22/10000000,"n/a") -> 0 | AH22: =IF(ISNUMBER(AB22),1000000000*AB22*$D22/10000000,"n/a") -> 0 | AI22: =IF(ISNUMBER(AC22),1000000000*AC22*$D22/10000000,"n/a") -> 0 | AJ22: =IF(ISNUMBER(X22),DEGREES(ATAN2(X22,SQRT(Y22^2 + Z22^2))),"n/a") -> #DIV/0! | AK22: =IF(ISNUMBER(Y22),DEGREES(ATAN2(Y22,Z22))+180,"n/a") -> #DIV/0! | AL22: =IF(ISNUMBER(AB22),DEGREES(ATAN2(AB22,AC22))+IF(DEGREES(ATAN2(AB22,AC22))<0,360,0),"n/a") -> #DIV/0! | AM22: =IF(ISNUMBER(AA22),DEGREES(ATAN2(SQRT(AB22^2 + AC22^2),AA22)),"n/a") -> #DIV/0! | AN22: =IF(ISNUMBER(AG22),SQRT(AG22^2 + AH22^2 + AI22^2)/1000,"n/a") -> 0 | AO22: =IF(ISNUMBER(AG22),AG22/1000,"n/a") -> 0 | AP22: =IF(ISNUMBER(AH22),SQRT(AH22^2 + AI22^2)/1000,"n/a") -> 0 | AQ22: =DEGREES(ACOS((E22*X22+F22*Y22+G22*Z22)/(SQRT(E22^2 + F22^2 + G22^2) * SQRT(X22^2 + Y22^2 + Z22^2)))) -> #DIV/0!
A24: Minimum | K24: =MIN(K4:K22) -> 0 | Q24: =MIN(Q4:Q22) -> #DIV/0! | R24: =MIN(R4:R22) -> #DIV/0! | S24: =MIN(S4:S22) -> #DIV/0! | T24: =MIN(T4:T22) -> #DIV/0! | U24: =MIN(U4:U22) -> 0 | V24: =MIN(V4:V22) -> 0 | W24: =MIN(W4:W22) -> 0 | AD24: =MIN(AD4:AD22) -> 0 | AJ24: =MIN(AJ4:AJ22) -> #DIV/0! | AK24: =MIN(AK4:AK22) -> #DIV/0! | AL24: =MIN(AL4:AL22) -> #DIV/0! | AM24: =MIN(AM4:AM22) -> #DIV/0! | AN24: =MIN(AN4:AN22) -> 0 | AO24: =MIN(AO4:AO22) -> 0 | AP24: =MIN(AP4:AP22) -> 0
A25: Maximum | K25: =MAX(K4:K22) -> 0 | Q25: =MAX(Q4:Q22) -> #DIV/0! | R25: =MAX(R4:R22) -> #DIV/0! | S25: =MAX(S4:S22) -> #DIV/0! | T25: =MAX(T4:T22) -> #DIV/0! | U25: =MAX(U4:U22) -> 0 | V25: =MAX(V4:V22) -> 0 | W25: =MAX(W4:W22) -> 0 | AD25: =MAX(AD4:AD22) -> 0 | AJ25: =MAX(AJ4:AJ22) -> #DIV/0! | AK25: =MAX(AK4:AK22) -> #DIV/0! | AL25: =MAX(AL4:AL22) -> #DIV/0! | AM25: =MAX(AM4:AM22) -> #DIV/0! | AN25: =MAX(AN4:AN22) -> 0 | AO25: =MAX(AO4:AO22) -> 0 | AP25: =MAX(AP4:AP22) -> 0
